,place,review,date
0,–î–µ—Ç—Å–∫–∏–π —Å–∞–¥ ‚Ññ 35 –õ–∞–¥—É—à–∫–∏,"–≠—Ç–æ –Ω–∞—à 2-–æ–π —Å–∞–¥, –ø–µ—Ä–µ—à–ª–∏ –ø–æ –Ω–µ–æ–±—Ö–æ–¥–∏–º–æ—Å—Ç–∏! –Ø –∏ –¥–æ—á—å —Å—á–∞—Å—Ç–ª–∏–≤—ã) —Å–µ–π—á–∞—Å –æ–Ω–∞ —É–∂–µ –≤ —à–∫–æ–ª–µ, –Ω–æ –¥–æ —Å–∏—Ö –ø–æ—Ä –ø—Ä–æ—Å–∏—Ç—Å—è –∑–∞–π—Ç–∏ –∫ –ª—é–±–∏–º—ã–º –≤–æ—Å–ø–∏—Ç–∞—Ç–µ–ª—è–º –∏ –≤—Å–ø–æ–º–∏–Ω–∞–µ—Ç —Å —Ç—ë–ø–ª–æ–º! ( —Ö–æ—Ç—è –º–æ–π —Ä–µ–±—ë–Ω–æ–∫ –Ω–µ –æ—á–µ–Ω—å –∫–æ–Ω—Ç–∞–∫—Ç–Ω—ã–π)
–í–µ—Å—å –ø–µ—Ä—Å–æ–Ω–∞–ª- –æ—Ç–ª–∏—á–Ω—ã–µ, –æ—Ç–∑—ã–≤—á–∏–≤—ã–µ, –∑–∞–±–æ—Ç–ª–∏–≤—ã–µ, —É–ª—ã–±—á–∏–≤—ã–µ –õ–Æ–î–ò! 
–í–æ—Å–ø–∏—Ç–∞—Ç–µ–ª–∏ –≤—Å–µ–≥–¥–∞ –≤ –ø—Ä–µ–∫—Ä–∞—Å–Ω–æ–º –Ω–∞—Å—Ç—Ä–æ–µ–Ω–∏–∏, –¥–µ—Ç—è–º —Å –Ω–∏–º–∏ –≤–µ—Å–µ–ª–æ, –æ–Ω–∏ —á—É–≤—Å—Ç–≤—É—é—Ç –∏—Å–∫—Ä–µ–Ω–Ω–µ–µ, –¥–æ–±—Ä–æ–µ –æ—Ç–Ω–æ—à–µ–Ω–∏–µ –∫ —Å–µ–±–µ!!!
–î–∏—Ä–µ–∫—Ç–æ—Ä- –∑–∞–º–µ—á–∞—Ç–µ–ª—å–Ω–∞—è, –∑–¥–µ—Å—å –Ω–µ—Ç —Å–æ–º–Ω–µ–Ω–∏–π!!!
–ú—É–∑ —Ä–∞–±–æ—Ç–Ω–∏–∫, –æ—Ç–¥–µ–ª—å–Ω–æ–µ —Å–ø–∞—Å–∏–±–æ, –¥–µ—Ç–∏ –∂–¥–∞–ª–∏ —Å –Ω–µ—Ç–µ—Ä–ø–µ–Ω–∏–µ–º –∑–∞–Ω—è—Ç–∏–µ –ø–æ –≤–æ–∫–∞–ª—É, –ø–æ–¥–≥–æ—Ç–æ–≤–∫–∞ –∫ –ø—Ä–∞–∑–¥–Ω–∏–∫–∞–º –Ω–∞ –≤—ã—Å—à–µ–º —É—Ä–æ–≤–Ω–µüòåüòâ",26 –Ω–æ—è–±—Ä—è
1,–î–µ—Ç—Å–∫–∏–π —Å–∞–¥ ‚Ññ 35 –õ–∞–¥—É—à–∫–∏,–û—á–µ–Ω—å —Ö–æ—Ä–æ—à–∏–π —Å–∞–¥–∏–∫...,4 –Ω–æ—è–±—Ä—è
2,–î–µ—Ç—Å–∫–∏–π —Å–∞–¥ ‚Ññ 35 –õ–∞–¥—É—à–∫–∏,"–í —Å–∞–¥—É –±—ã–ª–∏ –≤—Ä–µ–º–µ–Ω–Ω–æ,–≤ —Å–≤—è–∑–∏ —Å —Ä–µ–º–æ–Ω—Ç–æ–º –æ—Å–Ω–æ–≤–Ω–æ–≥–æ –¥–µ—Ç—Å–∫–æ–≥–æ —Å–∞–¥–∞.
–ù–∞—Ä–µ–∫–∞–Ω–∏–π –Ω–µ—Ç, –ø–∏—Ç–∞–Ω–∏–µ —Ö–æ—Ä–æ—à–µ–µ,—Å–æ–±–ª—é–¥–∞–µ—Ç—Å—è —Ä–µ–∂–∏–º, –ø—Ä–æ–≥—É–ª–∫–∏ –Ω–∞ —Å–≤–µ–∂–µ–º –≤–æ–∑–¥—É—Ö–µ –¥–≤–∞ —Ä–∞–∑–∞ –≤ –¥–µ–Ω—å.",18 –æ–∫—Ç—è–±—Ä—è
3,–î–µ—Ç—Å–∫–∏–π —Å–∞–¥ ‚Ññ 35 –õ–∞–¥—É—à–∫–∏,–°—Ä–µ–¥–Ω–∏–π —Å–∞–¥–∏–∫.,10 –∏—é–Ω—è
4,–î–µ—Ç—Å–∫–∏–π —Å–∞–¥ ‚Ññ 35 –õ–∞–¥—É—à–∫–∏,"–ü—Ä–µ–∫—Ä–∞—Å–Ω—ã–π —Å–∞–¥–∏–∫. –î–æ–±—Ä—ã–µ –≤–æ—Å–ø–∏—Ç–∞—Ç–µ–ª–∏, –µ—Å—Ç—å –≤—Å–µ —Å–ø–µ—Ü–∏–∞–ª–∏—Å—Ç—ã. –ö–æ—Ä–º—è—Ç –≤–∫—É—Å–Ω–æ, —Å—ã–Ω–æ–∫ –≤—Å–µ–≥–¥–∞ –¥–æ–≤–æ–ª–µ–Ω.",2 –º–∞—Ä—Ç–∞
5,–î–µ—Ç—Å–∫–∏–π —Å–∞–¥ ‚Ññ 35 –õ–∞–¥—É—à–∫–∏,–î–æ–±—Ä—ã–µ –≤–æ—Å–ø–∏—Ç–∞—Ç–µ–ª–∏ –∏ —Ö–æ—Ä–æ—à–µ–µ –ø–∏—Ç–∞–Ω–∏–µ,3 —Ñ–µ–≤—Ä–∞–ª—è
6,–î–µ—Ç—Å–∫–∏–π —Å–∞–¥ ‚Ññ 35 –õ–∞–¥—É—à–∫–∏,–•–æ—Ä–æ—à–æ —Å–∞–¥! ü•∞,13 —è–Ω–≤–∞—Ä—è
7,–î–µ—Ç—Å–∫–∏–π —Å–∞–¥ ‚Ññ 35 –õ–∞–¥—É—à–∫–∏,"–ü–æ—Å–ª–µ–¥–Ω–∏–π —Ä–∞–∑ –±—ã–ª 45 –ª–µ—Ç –Ω–∞–∑–∞–¥, –æ—á–µ–Ω—å —Ö–æ—Ä–æ—à–∏–π –¥–µ—Ç —Å–∞–¥ –±—ã–ª –≤ —Ç–æ –≤—Ä–µ–º—è)))",7 –Ω–æ—è–±—Ä—è 2022
