,group_name,post,date
0,vestinsk,"–í –æ—Ä–≥–∞–Ω–∏–∑–∞—Ü–∏—é [club223625703|–û–û–û ""–≠–Ω–µ—Ä–≥–æ–í–æ–ª—å—Ç–ú–æ–Ω—Ç–∞–∂""] 
–¢—Ä–µ–±—É—é—Ç—Å—è —Å–æ—Ç—Ä—É–¥–Ω–∏–∫–∏:
‚ö°Ô∏è–≠–ª–µ–∫—Ç—Ä–æ–≥–∞–∑–æ—Å–≤–∞—Ä—â–∏–∫
‚ö°Ô∏è–≠–ª–µ–∫—Ç—Ä–æ–º–æ–Ω—Ç–∞–∂–Ω–∏–∫
‚ö°Ô∏è–ú–æ–Ω—Ç–∞–∂–Ω–∏–∫

–ì—Ä–∞—Ñ–∏–∫ —Ä–∞–±–æ—Ç—ã —Å –ø–æ–Ω–µ–¥–µ–ª—å–Ω–∏–∫–∞ –ø–æ –ø—è—Ç–Ω–∏—Ü—É —Å 08.00 –¥–æ 17.00
üìû–í—Å–µ –ø–æ–¥—Ä–æ–±–Ω–æ—Å—Ç–∏ –ø–æ —Ç–µ–ª–µ—Ñ–æ–Ω—É: 89276555413

‚Ä¢–ù–∞—à–∏ —Å–æ—Ü–∏–∞–ª—å–Ω—ã–µ —Å–µ—Ç–∏‚Ä¢
üì§–¢–µ–ª–µ–≥—Ä–∞–º https://t.me/novokuybishevsk

üì§–í–ö–æ–Ω—Ç–∞–∫—Ç–µ https://vk.com/vestinsk

#–ù–æ–≤–æ–∫—É–π–±—ã—à–µ–≤—Å–∫ #–ù–æ–≤–æ—Å—Ç–∏–ù–æ–≤–æ–∫—É–π–±—ã—à–µ–≤—Å–∫–∞ #–ì–æ—Ä–æ–¥ #Nsk #Novokuibyshevsk #–†–æ—Å—Å–∏—è #–°–∞–º–∞—Ä–∞",1703344800
1,vestinsk,"–£–∑–Ω–∞–ª–∏ –º–µ—Å—Ç–æ?

 –§–æ—Ç–æ –ö–æ–Ω—Å—Ç–∞–Ω—Ç–∏–Ω–∞ –ë–∞–π–≥—É–∑–∏–Ω–∞

‚Ä¢–ù–∞—à–∏ —Å–æ—Ü–∏–∞–ª—å–Ω—ã–µ —Å–µ—Ç–∏‚Ä¢
üì§–¢–µ–ª–µ–≥—Ä–∞–º https://t.me/novokuybishevsk

üì§–í–ö–æ–Ω—Ç–∞–∫—Ç–µ https://vk.com/vestinsk

#–ù–æ–≤–æ–∫—É–π–±—ã—à–µ–≤—Å–∫ #–ù–æ–≤–æ—Å—Ç–∏–ù–æ–≤–æ–∫—É–π–±—ã—à–µ–≤—Å–∫–∞ #–ì–æ—Ä–æ–¥ #Nsk #Novokuibyshevsk #–†–æ—Å—Å–∏—è #–°–∞–º–∞—Ä–∞",1703341200
2,vestinsk,"–ú–´ –í–ú–ï–°–¢–ï 

–í –î–µ—Ç—Å–∫–æ–π –º—É–∑—ã–∫–∞–ª—å–Ω–æ–π —à–∫–æ–ª–µ –∏–º. –Æ.–ë–∞—à–º–µ—Ç–∞ –ø—Ä–æ—à—ë–ª –≤—Ç–æ—Ä–æ–π –æ—Ç–∫—Ä—ã—Ç—ã–π —Ö–æ—Ä–æ–≤–æ–π —Ñ–µ—Å—Ç–∏–≤–∞–ª—å –¥–ª—è —É—á–µ–±–Ω—ã—Ö –∏ –ª—é–±–∏—Ç–µ–ª—å—Å–∫–∏—Ö –∫–æ–ª–ª–µ–∫—Ç–∏–≤–æ–≤. 

–ö–∞–∂–¥—ã–π –∞–Ω—Å–∞–º–±–ª—å –∏—Å–ø–æ–ª–Ω–∏–ª –¥–≤–µ —Ä–∞–∑–Ω–æ—Ö–∞—Ä–∞–∫—Ç–µ—Ä–Ω—ã–µ –ø–µ—Å–Ω–∏, —á—Ç–æ –±—ã –ø–æ–∫–∞–∑–∞—Ç—å –≤–æ–∫–∞–ª—å–Ω—ã–µ –∏ –∞—Ä—Ç–∏—Å—Ç–∏—á–µ—Å–∫–∏–µ —Å–ø–æ—Å–æ–±–Ω–æ—Å—Ç–∏ –ø–µ–≤—Ü–æ–≤. –ö–∞–∂–¥—ã–π —Ö–æ—Ä, —à–∫–æ–ª—å–Ω—ã–π –∏–ª–∏ —É—á–µ–±–Ω—ã–π –∏–∑ –¥–µ—Ç—Å–∫–∏—Ö —à–∫–æ–ª –∏—Å–∫—É—Å—Å—Ç–≤ –Ω–∞—à–µ–≥–æ –≥–æ—Ä–æ–¥–∞ (""–õ–∏—Ä–∞"", ""–í–¥–æ—Ö–Ω–æ–≤–µ–Ω–∏–µ"", –î–ú–® –∏–º. –Æ.–ë–∞—à–º–µ—Ç–∞), –∞ –≤—Å–µ–≥–æ —ç—Ç–æ 13 —Ö–æ—Ä–æ–≤—ã—Ö –∫–æ–ª–ª–µ–∫—Ç–∏–≤–æ–≤, –ø–æ–ª—É—á–∏–ª–∏ –î–∏–ø–ª–æ–º —É—á–∞—Å—Ç–Ω–∏–∫–∞ –±–æ–ª—å—à–æ–≥–æ –∏ —Ç–≤–æ—Ä—á–µ—Å–∫–æ–≥–æ –ø—Ä–∞–∑–¥–Ω–∏–∫–∞ –º—É–∑—ã–∫–∏. 

‚Ä¢–ù–∞—à–∏ —Å–æ—Ü–∏–∞–ª—å–Ω—ã–µ —Å–µ—Ç–∏‚Ä¢
üì§–¢–µ–ª–µ–≥—Ä–∞–º https://t.me/novokuybishevsk

üì§–í–ö–æ–Ω—Ç–∞–∫—Ç–µ https://vk.com/vestinsk

#–ù–æ–≤–æ–∫—É–π–±—ã—à–µ–≤—Å–∫ #–ù–æ–≤–æ—Å—Ç–∏–ù–æ–≤–æ–∫—É–π–±—ã—à–µ–≤—Å–∫–∞ #–ì–æ—Ä–æ–¥ #Nsk #Novokuibyshevsk #–†–æ—Å—Å–∏—è #–°–∞–º–∞—Ä–∞",1703337478
3,vestinsk,"–ü–ª–æ–≤—á–∏—Ö–∞ –∏–∑ –ù–æ–≤–æ–∫—É–π–±—ã—à–µ–≤—Å–∫–∞ –ø–æ—Å—Ç–∞–≤–∏–ª–∞ –Ω–æ–≤—ã–π —Ä–µ–∫–æ—Ä–¥ –†–æ—Å—Å–∏–∏

–°–ª–µ–¥–æ–º –∑–∞ ¬´—Å–µ—Ä–µ–±—Ä–æ–º¬ª –ß–µ–º–ø–∏–æ–Ω–∞—Ç–∞ –†–æ—Å—Å–∏–∏ 17-–ª–µ—Ç–Ω—è—è –ê—Ä–∏–Ω–∞ –•–∏—Ç—ë–≤–∞ –∑–∞–≤–æ–µ–≤–∞–ª–∞ ¬´–∑–æ–ª–æ—Ç–æ¬ª –Ω–∞ –º–µ–∂–¥—É–Ω–∞—Ä–æ–¥–Ω–æ–º —Ç—É—Ä–Ω–∏—Ä–µ –≤ –°–∞–Ω–∫—Ç-–ü–µ—Ç–µ—Ä–±—É—Ä–≥–µ –Ω–∞ –ö—É–±–æ–∫ –°–∞–ª—å–Ω–∏–∫–æ–≤–∞. –ò —ç—Ç–æ –Ω–æ–≤—ã–π —é–Ω–æ—à–µ—Å–∫–∏–π —Ä–µ–∫–æ—Ä–¥ —Å—Ç—Ä–∞–Ω—ã, –ø–∏—à–µ—Ç 
–ì–æ—Ä–æ–¥ –ù-—Å–∫.2000.
 
–ù–∞ –¥–∏—Å—Ç–∞–Ω—Ü–∏–∏ 50 –º –Ω–∞ —Å–ø–∏–Ω–µ —é–Ω–æ–π —Å–ø–æ—Ä—Ç—Å–º–µ–Ω–∫–µ —É–¥–∞–ª–æ—Å—å –ø–æ—Å—Ç–∞–≤–∏—Ç—å —Ç–æ—á–∫—É –≤ —Å–ø–æ—Ä–µ —Å —Å–∏–ª—å–Ω–µ–π—à–∏–º–∏ –ø–ª–æ–≤—á–∏—Ö–∞–º–∏, —Ä–∞–∑–≤–µ—Ä–Ω—É–≤—à–µ–º—Å—è –Ω–∞–∫–∞–Ω—É–Ω–µ –Ω–∞ —á–µ–º–ø–∏–æ–Ω–∞—Ç–µ —Å—Ç—Ä–∞–Ω—ã. –ù–∞ —ç—Ç–æ—Ç —Ä–∞–∑ –•–∏—Ç—ë–≤–∞ –æ–±–æ—à–ª–∞ –Ω–µ —Ç–æ–ª—å–∫–æ –±–ª–∏–∂–∞–π—à—É—é –∫–æ–Ω–∫—É—Ä–µ–Ω—Ç–∫—É, –º–æ—Å–∫–≤–∏—á–∫—É –ê–ª–µ–∫—Å–∞–Ω–¥—Ä—É –ö—É—Ä–∏–ª–∫–∏–Ω—É, –Ω–æ –∏ —Ç–µ–ø–µ—Ä—å —É–∂–µ —ç–∫—Å-–∫–æ—Ä–æ–ª–µ–≤—É –¥–∏—Å—Ç–∞–Ω—Ü–∏–∏ –∫–∞–ª—É–∂–∞–Ω–∫—É –ú–∞—Ä–∏—é –ö–∞–º–µ–Ω–µ–≤—É. 
 
‚Äì –¢–∞–∫–∂–µ –ê—Ä–∏–Ω–∞ –∑–∞–≤–æ–µ–≤–∞–ª–∞ ¬´–±—Ä–æ–Ω–∑—É¬ª –Ω–∞ ¬´–ø–æ–ª—Ç–∏–Ω–Ω–∏–∫–µ¬ª –±–∞—Ç—Ç–µ—Ä—Ñ–ª—è–µ–º. –° —É—á–µ—Ç–æ–º —Ç–æ–≥–æ, —á—Ç–æ –±–æ—Ä—å–±–∞ –ø—Ä–æ–∏—Å—Ö–æ–¥–∏—Ç –Ω–∞ —É—Ä–æ–≤–Ω–µ —Å–∏–ª—å–Ω–µ–π—à–∏—Ö, –±–æ–ª–µ–µ –≤–∑—Ä–æ—Å–ª—ã—Ö –∏ –æ–ø—ã—Ç–Ω—ã—Ö –º–∞—Å—Ç–µ—Ä–æ–≤ ‚Äì –ª—É—á—à–∏—Ö –ø—Ä–µ–¥—Å—Ç–∞–≤–∏—Ç–µ–ª–µ–π –≤–µ–¥—É—â–∏—Ö –ø–ª–∞–≤–∞—Ç–µ–ª—å–Ω—ã—Ö —à–∫–æ–ª, —ç—Ç–æ –æ—á–µ–Ω—å –¥–æ—Å—Ç–æ–π–Ω—ã–π —Ä–µ–∑—É–ª—å—Ç–∞—Ç. - –ø—Ä–æ–∫–æ–º–º–µ–Ω—Ç–∏—Ä–æ–≤–∞–ª –ê–ª–µ–∫—Å–µ–π –ò–ª—å–∏–Ω, —Ç—Ä–µ–Ω–µ—Ä –ù–æ–≤–æ–∫—É–π–±—ã—à–µ–≤—Å–∫–æ–π –°–®–û–†. 
 
–í–ø–µ—Ä–µ–¥–∏ –ß–µ–º–ø–∏–æ–Ω–∞—Ç –∏ –ü–µ—Ä–≤–µ–Ω—Å—Ç–≤–æ –ü–§–û, –ü–µ—Ä–≤–µ–Ω—Å—Ç–≤–æ –∏ –ß–µ–º–ø–∏–æ–Ω–∞—Ç —Å—Ç—Ä–∞–Ω—ã, –ö—É–±–æ–∫ –†–æ—Å—Å–∏–∏ –∏ –ò–≥—Ä—ã –î—Ä—É–∂–±—ã ‚Äì –≥–ª–∞–≤–Ω—ã–π —Å—Ç–∞—Ä—Ç —Å–µ–∑–æ–Ω–∞. –ù–∞—Å—Ç—É–ø–∞—é—â–∏–π –≥–æ–¥ –±—Ä–æ—Å–∞–µ—Ç –ê—Ä–∏–Ω–µ –•–∏—Ç—ë–≤–æ–π —Å–µ—Ä—å–µ–∑–Ω—ã–π –≤—ã–∑–æ–≤, —Ç–∞–∫ –∫–∞–∫ –µ–π –ø—Ä–µ–¥—Å—Ç–æ–∏—Ç –±–æ—Ä–æ—Ç—å—Å—è –∑–∞ –ø–æ–±–µ–¥—ã –Ω–µ —Ç–æ–ª—å–∫–æ –≤ —Å–ø–æ—Ä—Ç–µ, –Ω–æ –∏ –≤ —É—á–µ–±–µ. –í–ø–µ—Ä–µ–¥–∏ —É 11-–∫–ª–∞—Å—Å–Ω–∏—Ü—ã 7-–π —à–∫–æ–ª—ã –ï–ì–≠ –∏ –ø–æ—Å—Ç—É–ø–ª–µ–Ω–∏–µ –≤ –≤—É–∑.

‚Ä¢–ù–∞—à–∏ —Å–æ—Ü–∏–∞–ª—å–Ω—ã–µ —Å–µ—Ç–∏‚Ä¢
üì§–¢–µ–ª–µ–≥—Ä–∞–º https://t.me/novokuybishevsk

üì§–í–ö–æ–Ω—Ç–∞–∫—Ç–µ https://vk.com/vestinsk

#–ù–æ–≤–æ–∫—É–π–±—ã—à–µ–≤—Å–∫ #–ù–æ–≤–æ—Å—Ç–∏–ù–æ–≤–æ–∫—É–π–±—ã—à–µ–≤—Å–∫–∞ #–ì–æ—Ä–æ–¥ #Nsk #Novokuibyshevsk #–†–æ—Å—Å–∏—è #–°–∞–º–∞—Ä–∞",1703263800
4,vestinsk,"–í–æ—Ç —É–∂–µ –ø—Ä–∞–∫—Ç–∏—á–µ—Å–∫–∏ 17 –ª–µ—Ç —Å—Ç–æ–∏—Ç —ç—Ç–æ –∑–¥–∞–Ω–∏–µ, –ª–∏–±–æ –¥–æ–¥–µ–ª–∞–ª–∏ –±—ã –Ω–∞–∫–æ–Ω–µ—Ü , –ª–∏–±–æ —Å–¥–µ–ª–∞–ª–∏ —á—Ç–æ —Ç–æ –ø–æ–ª–µ–∑–Ω–æ–µ –ª—é–¥—è–º.

‚Ä¢–ù–∞—à–∏ —Å–æ—Ü–∏–∞–ª—å–Ω—ã–µ —Å–µ—Ç–∏‚Ä¢
üì§–¢–µ–ª–µ–≥—Ä–∞–º https://t.me/novokuybishevsk

üì§–í–ö–æ–Ω—Ç–∞–∫—Ç–µ https://vk.com/vestinsk

#–ù–æ–≤–æ–∫—É–π–±—ã—à–µ–≤—Å–∫ #–ù–æ–≤–æ—Å—Ç–∏–ù–æ–≤–æ–∫—É–π–±—ã—à–µ–≤—Å–∫–∞ #–ì–æ—Ä–æ–¥ #Nsk #Novokuibyshevsk #–†–æ—Å—Å–∏—è #–°–∞–º–∞—Ä–∞",1703262000
5,vestinsk,"üèê–ë–æ–ª—å—à–æ–π –≤–æ–ª–µ–π–±–æ–ª –≤ –°—Ç–∏–º—É–ª–µ

–°–µ–≥–æ–¥–Ω—è –≤ —Å–ø–æ—Ä—Ç–∏–≤–Ω–æ–º –∫–æ–º–ø–ª–µ–∫—Å–µ ""–°—Ç–∏–º—É–ª"" –æ—Ç–∫—Ä—ã–ª–∏—Å—å —Å–æ—Ä–µ–≤–Ω–æ–≤–∞–Ω–∏—è –ü–µ—Ä–≤–µ–Ω—Å—Ç–≤–∞ –ü—Ä–∏–≤–æ–ª–∂—Å–∫–æ–π –≤–æ–ª–µ–π–±–æ–ª—å–Ω–æ–π –ê—Å—Å–æ—Ü–∏–∞—Ü–∏–∏.
–í —ç—Ç–æ–º —Ç—É—Ä–Ω–∏—Ä–µ, –∫–æ—Ç–æ—Ä—ã–π –±—ã–ª –æ—Ä–≥–∞–Ω–∏–∑–æ–≤–∞–Ω —à–∫–æ–ª–æ–π –æ–ª–∏–º–ø–∏–π—Å–∫–æ–≥–æ —Ä–µ–∑–µ—Ä–≤–∞, –ø—Ä–∏–Ω–∏–º–∞—é—Ç —É—á–∞—Å—Ç–∏–µ —é–Ω–æ—à–µ—Å–∫–∏–µ –∫–æ–º–∞–Ω–¥—ã. –ò –≤ —ç—Ç–æ–º –≥–æ–¥—É —Å–æ—Å—Ç–∞–≤ –æ—á–µ–Ω—å –ø—Ä–µ–¥—Å—Ç–∞–≤–∏—Ç–µ–ª—å–Ω—ã–π.

–ù–∞ –ø–ª–æ—â–∞–¥–∫—É –≤—ã–π–¥—É—Ç —Ç–∞–∫–∂–µ –∏ —é–Ω—ã–µ –≤–æ–ª–µ–π–±–æ–ª–∏—Å—Ç—ã –∏–∑ –ö–∞–∑–∞—Ö—Å—Ç–∞–Ω–∞. –ü–µ—Ä–≤—ã–π —Ç—É—Ä –ª–∏–≥–∏ –ø—Ä–æ–π–¥—ë—Ç –≤ –ù–æ–≤–æ–∫—É–π–±—ã—à–µ–≤—Å–∫–µ —Å 22 –ø–æ 24 –¥–µ–∫–∞–±—Ä—è.

‚Ä¢–ù–∞—à–∏ —Å–æ—Ü–∏–∞–ª—å–Ω—ã–µ —Å–µ—Ç–∏‚Ä¢
üì§–¢–µ–ª–µ–≥—Ä–∞–º https://t.me/novokuybishevsk

üì§–í–ö–æ–Ω—Ç–∞–∫—Ç–µ https://vk.com/vestinsk

#–ù–æ–≤–æ–∫—É–π–±—ã—à–µ–≤—Å–∫ #–ù–æ–≤–æ—Å—Ç–∏–ù–æ–≤–æ–∫—É–π–±—ã—à–µ–≤—Å–∫–∞ #–ì–æ—Ä–æ–¥ #Nsk #Novokuibyshevsk #–†–æ—Å—Å–∏—è #–°–∞–º–∞—Ä–∞",1703260200
6,vestinsk,"–ù–û–í–´–ô –ì–û–î –î–û–ú–ê!

–ù–æ–≤—ã–π 2024 –≥–æ–¥ –≤ –∫—Ä—É–≥—É —Å–µ–º—å–∏ –≤—Å—Ç—Ä–µ—Ç–∏—Ç  —É—á–∞—Å—Ç–Ω–∏–∫ —Å–ø–µ—Ü–∏–∞–ª—å–Ω–æ–π –≤–æ–µ–Ω–Ω–æ–π –æ–ø–µ—Ä–∞—Ü–∏–∏ –ê–ª–µ–∫—Å–µ–π –°–≤–∏—Å—Ç—É–Ω–æ–≤.

–î–æ–º–∞ —É–∂–µ –Ω–∞—Ä—è–¥–∏–ª–∏ —ë–ª–∫—É –∏ —Å–∞–º–æ–µ –≥–ª–∞–≤–Ω–æ–µ –≤–æ–ª—à–µ–±–Ω–æ–µ  –∂–µ–ª–∞–Ω–∏–µ —Å—É–ø—Ä—É–≥–∏ –ï–ª–µ–Ω—ã, –¥–æ—á–µ–∫ –í–∞—Å–∏–ª–∏—Å—ã –∏ –î–∞—Ä—å–∏ —É–∂–µ —Å–±—ã–ª–æ—Å—å. –õ—é–±–∏–º—ã–π –ø–∞–ø–∞ –∏ –º—É–∂ –≤–µ—Ä–Ω—É–ª—Å—è —Å –°–í–û.

2023 –≤—Å—Ç—Ä–µ—á–∞–ª–∏ –≤ —Ç—Ä–µ–≤–æ–≥–∏. –ï–ª–µ–Ω–∞ —É—Å—Ç—Ä–∞–∏–≤–∞–ª–∞ –º–∞—Å—Ç–µ—Ä-–∫–ª–∞—Å—Å—ã –¥–ª—è —Å–µ–º–µ–π –º–æ–±–∏–ª–∏–∑–æ–≤–∞–Ω–Ω—ã—Ö, —á—Ç–æ–±—ã –ø–æ–¥–¥–µ—Ä–∂–∞—Ç—å –∂–µ–Ω—â–∏–Ω –∏ –¥–µ—Ç–µ–π, –æ—Å—Ç–∞–≤—à–∏—Ö—Å—è –±–µ–∑ –∫—Ä–µ–ø–∫–æ–≥–æ –ø–ª–µ—á–∞.

–ñ–∏–∑–Ω—å –°–≤–∏—Å—Ç—É–Ω–æ–≤—ã—Ö —Ä–∞–∑–¥–µ–ª–∏–ª–∞—Å—å –Ω–∞ –¥–æ –∏ –ø–æ—Å–ª–µ...
–ü–æ–≤–µ—Å—Ç–∫–∞ –ø—Ä–∏—à–ª–∞ –≤ –æ–∫—Ç—è–±—Ä–µ 2022 –∏ —Ö–æ—Ç—è –¥–æ —ç—Ç–æ–≥–æ –º–æ–º–µ–Ω—Ç–∞ –≤ –∞—Ä–º–∏–∏ –≥–ª–∞–≤–∞ —Å–µ–º–µ–π—Å—Ç–≤–∞ –Ω–µ —Å–ª—É–∂–∏–ª, –Ω–æ –∑–∞—â–∏—â–∞—Ç—å –†–æ–¥–∏–Ω—É –æ—Ç–ø—Ä–∞–≤–∏–ª—Å—è.
–í–æ –≤—Ä–µ–º—è –≤—ã–ø–æ–ª–Ω–µ–Ω–∏—è –∑–∞–¥–∞–Ω–∏—è –ø–æ —Å–ø–∞—Å–µ–Ω–∏—é —Ä–∞–Ω–µ–Ω—ã—Ö, —Å–æ–ª–¥–∞—Ç –º–µ–¥–∏—Ü–∏–Ω—Å–∫–æ–π —Ä–æ—Ç—ã, —Å–∞–º –ø–æ–ª—É—á–∏–ª —Å–µ—Ä—å–µ–∑–Ω–æ–µ —Ä–∞–Ω–µ–Ω–∏–µ.  –ó–∞ 8 –º–µ—Å—è—Ü–µ–≤ —Ä–µ–∞–±–∏–ª–∏—Ç–∞—Ü–∏–∏ –ê–ª–µ–∫—Å–µ–π –°–≤–∏—Å—Ç—É–Ω–æ–≤ —Å–º–µ–Ω–∏–ª 6 –≥–æ—Å–ø–∏—Ç–∞–ª–µ–π –∏ –≤ –∫–æ–Ω—Ü–µ –¥–µ–∫–∞–±—Ä—è —Å–Ω–æ–≤–∞ –µ—Ö–∞—Ç—å –Ω–∞ –ª–µ—á–µ–Ω–∏–µ.

–°–µ–º—å—è –≤–º–µ—Å—Ç–µ —Å –ø–∞–ø–æ–π –ø–µ—Ä–µ–∂–∏–ª–∞ —Ç—è–≥–æ—Ç—ã –≤–æ–µ–Ω–Ω–æ–π —Å–ª—É–∂–±—ã, –∞ —Ç–µ–ø–µ—Ä—å –∂–µ–Ω–∞ –∏ –¥–æ—á–∫–∏   –ø–æ–º–æ–≥–∞—é—Ç –∏ –≤ –º–∏—Ä–Ω–æ–π –∂–∏–∑–Ω–∏ –ø—Ä–∏–≤—ã–∫–Ω—É—Ç—å –¥–≤–∏–≥–∞—Ç—å—Å—è –ø–æ—Å–ª–µ —Ä–∞–Ω–µ–Ω–∏—è. –ï–ª–µ–Ω–∞ —Å –≥–æ—Ä–¥–æ—Å—Ç—å—é –ø–æ–∫–∞–∑—ã–≤–∞–µ—Ç –º–µ–¥–∞–ª—å ""–ó–∞ –æ—Ç–≤–∞–≥—É"". –ê –µ—â—ë –¥—Ä—É–∂–Ω–∞—è —Å–µ–º—å—è –ª–µ–π—Ç–µ–Ω–∞–Ω—Ç–∞ –°–≤–∏—Å—Ç—É–Ω–æ–≤–∞ –ø–æ–¥–µ–ª–∏–ª–∞—Å—å –ø–ª–∞–Ω–∞–º–∏ –Ω–∞ –±—É–¥—É—â–µ–µ.

–û–Ω–∏ —Å–æ–±–∏—Ä–∞—é—Ç—Å—è —Ä–∞–∑–≤–∏–≤–∞—Ç—å –≤ —Ä–µ–≥–∏–æ–Ω–µ —Å–µ–ª—å—Å–∫–æ–µ —Ö–æ–∑—è–π—Å—Ç–≤–æ –∏ –æ—Ç–∫—Ä—ã—Ç—å –¶–µ–Ω—Ç—Ä —Ä–µ–∞–±–∏–ª–∏—Ç–∞—Ü–∏–∏ –¥–ª—è —Å–µ–º–µ–π —É—á–∞—Å—Ç–Ω–∏–∫–æ–≤ –°–í–û.

‚Ä¢–ù–∞—à–∏ —Å–æ—Ü–∏–∞–ª—å–Ω—ã–µ —Å–µ—Ç–∏‚Ä¢
üì§–¢–µ–ª–µ–≥—Ä–∞–º https://t.me/novokuybishevsk

üì§–í–ö–æ–Ω—Ç–∞–∫—Ç–µ https://vk.com/vestinsk

#–ù–æ–≤–æ–∫—É–π–±—ã—à–µ–≤—Å–∫ #–ù–æ–≤–æ—Å—Ç–∏–ù–æ–≤–æ–∫—É–π–±—ã—à–µ–≤—Å–∫–∞ #–ì–æ—Ä–æ–¥ #Nsk #Novokuibyshevsk #–†–æ—Å—Å–∏—è #–°–∞–º–∞—Ä–∞",1703258400
7,vestinsk,"–ü–û–õ–ò–¶–ï–ô–°–ö–ò–ô –î–ï–î –ú–û–†–û–ó

–°–µ–≥–æ–¥–Ω—è –≤ —à–∫–æ–ª–µ –∏–º. –ò.–ï–≥–æ—Ä–æ–≤–∞ –ø—Ä–æ—à–ª–∞ –µ–∂–µ–≥–æ–¥–Ω–∞—è –ø—Ä–µ–¥–Ω–æ–≤–æ–≥–æ–¥–Ω—è—è –∞–∫—Ü–∏—è, –≤ –∫–æ—Ç–æ—Ä–æ–π –ø—Ä–∏–Ω—è–ª–∏ —É—á–∞—Å—Ç–∏–µ –Ω–µ —Ç–æ–ª—å–∫–æ —É—á–µ–Ω–∏–∫–∏, –Ω–æ –∏ –≥–æ—Å—Ç–∏: –û–ª–µ–≥ –ö–ª–µ–π–º–µ–Ω–æ–≤, –Ω–∞—á–∞–ª—å–Ω–∏–∫ –ø–æ–ª–∏—Ü–∏–∏, –ò–ª—å–¥–∞—Ä –ë–∞—Ö–∏—Ç–æ–≤, –Ω–∞—á–∞–ª—å–Ω–∏–∫ –Ω–æ–≤–æ–∫—É–π–±—ã—à–µ–≤—Å–∫–æ–π –ì–æ—Å–∞–≤—Ç–æ–∏–Ω—Å–ø–µ–∫—Ü–∏–∏.

–û–Ω–∏ –ø–æ–∑–¥—Ä–∞–≤–∏–ª–∏ —Ä–µ–±—è—Ç —Å –Ω–∞—Å—Ç—É–ø–∞—é—â–∏–º–∏ –ø—Ä–∞–∑–¥–Ω–∏–∫–∞–º–∏, –ø–æ–∂–µ–ª–∞–ª–∏ –≤—Å–µ–≥–æ —Å–∞–º–æ–≥–æ –¥–æ–±—Ä–æ–≥–æ –∏ –Ω–∞–ø–æ–º–Ω–∏–ª–∏ –æ –ø—Ä–æ—Å—Ç—ã—Ö –ø—Ä–∞–≤–∏–ª–∞—Ö –±–µ–∑–æ–ø–∞—Å–Ω–æ—Å—Ç–∏ –Ω–∞ –¥–æ—Ä–æ–≥–∞—Ö.

‚Ä¢–ù–∞—à–∏ —Å–æ—Ü–∏–∞–ª—å–Ω—ã–µ —Å–µ—Ç–∏‚Ä¢
üì§–¢–µ–ª–µ–≥—Ä–∞–º https://t.me/novokuybishevsk

üì§–í–ö–æ–Ω—Ç–∞–∫—Ç–µ https://vk.com/vestinsk

#–ù–æ–≤–æ–∫—É–π–±—ã—à–µ–≤—Å–∫ #–ù–æ–≤–æ—Å—Ç–∏–ù–æ–≤–æ–∫—É–π–±—ã—à–µ–≤—Å–∫–∞ #–ì–æ—Ä–æ–¥ #Nsk #Novokuibyshevsk #–†–æ—Å—Å–∏—è #–°–∞–º–∞—Ä–∞",1703256600
8,vestinsk,"–°–û–í–ú–ï–°–¢–ù–û–ï –ó–ê–°–ï–î–ê–ù–ò–ï –ö–û–ú–ò–¢–ï–¢–û–í

–°–µ–≥–æ–¥–Ω—è —Å–æ—Å—Ç–æ—è–ª–æ—Å—å —Å–æ–≤–º–µ—Å—Ç–Ω–æ–µ –∑–∞—Å–µ–¥–∞–Ω–∏–µ –ø—Ä–æ—Ñ–∏–ª—å–Ω—ã—Ö –∫–æ–º–∏—Ç–µ—Ç–æ–≤ –î—É–º—ã.
–û–±—Å—É–∂–¥–∞–ª–∏ –≤–Ω–µ—Å–µ–Ω–∏–µ –∏–∑–º–µ–Ω–µ–Ω–∏–π –≤ –±—é–¥–∂–µ—Ç –≥–æ—Ä–æ–¥–∞ –Ω–∞ 2023 –≥–æ–¥ –∏ –ø–ª–∞–Ω–æ–≤—ã–π –ø–µ—Ä–∏–æ–¥ 2024-25 –≥–≥.

–ë–æ–ª–µ–µ –ø–æ–¥—Ä–æ–±–Ω–æ –æ –∫–æ—Ä—Ä–µ–∫—Ç–∏—Ä–æ–≤–∫–∞—Ö –≥–ª–∞–≤–Ω–æ–≥–æ —Ñ–∏–Ω–∞–Ω—Å–æ–≤–æ–≥–æ –¥–æ–∫—É–º–µ–Ω—Ç–∞ —Ä–∞—Å—Å–∫–∞–∑–∞–ª–∞ –ï–ª–µ–Ω–∞ –ü–æ–ø–æ–≤–∞, —Ä—É–∫–æ–≤–æ–¥–∏—Ç–µ–ª—å —Ñ–∏–Ω–∞–Ω—Å–æ–≤–æ–≥–æ —É–ø—Ä–∞–≤–ª–µ–Ω–∏—è –∞–¥–º–∏–Ω–∏—Å—Ç—Ä–∞—Ü–∏–∏. 

–ó–∞—Å–ª—É—à–∞–Ω–∞ —Ç–µ–º–∞ –¥–æ–ø–æ–ª–Ω–∏—Ç–µ–ª—å–Ω–æ–π –º–µ—Ä–µ —Å–æ—Ü–∏–∞–ª—å–Ω–æ–π –ø–æ–¥–¥–µ—Ä–∂–∫–∏ –æ—Ç–¥–µ–ª—å–Ω—ã—Ö –∫–∞—Ç–µ–≥–æ—Ä–∏–∏ –º–µ–¥–∏—Ü–∏–Ω—Å–∫–∏—Ö —Ä–∞–±–æ—Ç–Ω–∏–∫–æ–≤ –≥–æ—Å—É–¥–∞—Ä—Å—Ç–≤–µ–Ω–Ω—ã—Ö —É—á—Ä–µ–∂–¥–µ–Ω–∏–π –∑–¥—Ä–∞–≤–æ–æ—Ö—Ä–∞–Ω–µ–Ω–∏—è –Ω–∞ 2024 –≥–æ–¥. –°–µ–≥–æ–¥–Ω—è –Ω–∞ –∑–∞—Å–µ–¥–∞–Ω–∏–∏ —Ä–∞—Å—Å–º–æ—Ç—Ä–µ–ª–∏ 8 –≤–æ–ø—Ä–æ—Å–æ–≤.

‚Ä¢–ù–∞—à–∏ —Å–æ—Ü–∏–∞–ª—å–Ω—ã–µ —Å–µ—Ç–∏‚Ä¢
üì§–¢–µ–ª–µ–≥—Ä–∞–º https://t.me/novokuybishevsk

üì§–í–ö–æ–Ω—Ç–∞–∫—Ç–µ https://vk.com/vestinsk

#–ù–æ–≤–æ–∫—É–π–±—ã—à–µ–≤—Å–∫ #–ù–æ–≤–æ—Å—Ç–∏–ù–æ–≤–æ–∫—É–π–±—ã—à–µ–≤—Å–∫–∞ #–ì–æ—Ä–æ–¥ #Nsk #Novokuibyshevsk #–†–æ—Å—Å–∏—è #–°–∞–º–∞—Ä–∞",1703254603
9,vestinsk,"–í –ù–æ–≤–æ–∫—É–π–±—ã—à–µ–≤—Å–∫–µ –æ–≥—Ä–∞–Ω–∏—á–∞—Ç –¥–≤–∏–∂–µ–Ω–∏–µ —Ç—Ä–∞–Ω—Å–ø–æ—Ä—Ç–∞ –∏–∑-–∑–∞ –ø—Ä–æ–≤–æ–∑–∞ –∫—Ä—É–ø–Ω–æ–≥–∞–±–∞—Ä–∏—Ç–Ω–æ–≥–æ –≥—Ä—É–∑–∞
 
–ö–∞–∫ —Å–æ–æ–±—â–∞–µ—Ç –º–∏–Ω—Ç—Ä–∞–Ω—Å –°–∞–º–∞—Ä—Å–∫–æ–π –æ–±–ª–∞—Å—Ç–∏, 25 –¥–µ–∫–∞–±—Ä—è 2023 –≥–æ–¥–∞ –±—É–¥–µ—Ç –≤–≤–µ–¥–µ–Ω–æ –≤—Ä–µ–º–µ–Ω–Ω–æ–µ –æ–≥—Ä–∞–Ω–∏—á–µ–Ω–∏–µ –Ω–∞ –¥–≤–∏–∂–µ–Ω–∏–µ —Ç—Ä–∞–Ω—Å–ø–æ—Ä—Ç–∞ –ø–æ –Ω–µ–∫–æ—Ç–æ—Ä—ã–º —É—á–∞—Å—Ç–∫–∞–º.
–ö–∞–∫ —Å—Ç–∞–ª–æ –∏–∑–≤–µ—Å—Ç–Ω–æ –±—É–¥–µ—Ç –≤–≤–µ–¥–µ–Ω–æ –ø–æ—á–∞—Å–æ–≤–æ–µ –æ–≥—Ä–∞–Ω–∏—á–µ–Ω–∏–µ –¥–≤–∏–∂–µ–Ω–∏—è:

—Å 13 –¥–æ 14 —á–∞—Å–æ–≤ –±—É–¥–µ—Ç –ø–µ—Ä–µ–∫—Ä—ã—Ç–∞ —É–ª–∏—Ü–∞ –î–æ—Ä–æ–∂–Ω–∞—è –≤ –ø–æ—Å–µ–ª–∫–µ –ú–∞—è–∫ (–æ—Ç –ø–µ—Ä–µ–∫—Ä—ë—Å—Ç–∫–∞ —Å –ø–æ–¥—ä–µ–∑–¥–Ω–æ–π –¥–æ—Ä–æ–≥–∏ –∫ –ø—Ä–∏—á–∞–ª—É –¥–æ –ø–µ—Ä–µ–∫—Ä—ë—Å—Ç–∫–∞ —Å —É–ª–∏—Ü–µ–π –§—Ä—É–Ω–∑–µ), 
—Å 14:00 –¥–æ 14:45 ‚Äî‚Äâ–¥–æ—Ä–æ–≥–∞ ¬´–°–∞–º–∞—Ä–∞ ‚Äì –í–æ–ª–≥–æ–≥—Ä–∞–¥ ‚Äì –ù–æ–≤–æ–∫—É–π–±—ã—à–µ–≤—Å–∫¬ª ‚Äì –ú–∞—è–∫ ‚Äì –¢–æ–º—ã–ª–æ–≤–æ¬ª (–æ—Ç –ø–µ—Ä–µ–∫—Ä—ë—Å—Ç–∫–∞ —Å —É–ª–∏—Ü–µ–π –î–æ—Ä–æ–∂–Ω–æ–π –≤ –ø–æ—Å. –ú–∞—è–∫), —Å 16:30 –¥–æ 17:30‚Äâ‚Äî‚Äâ¬´–°–∞–º–∞—Ä–∞ ‚Äì –í–æ–ª–≥–æ–≥—Ä–∞–¥¬ª ‚Äì –ù–æ–≤–æ–∫—É–π–±—ã—à–µ–≤—Å–∫ 2 (–æ—Ç –ø–µ—Ä–µ–∫—Ä—ë—Å—Ç–∫–∞ —Å –¥–æ—Ä–æ–≥–æ–π ¬´–°–∞–º–∞—Ä–∞ ‚Äì –í–æ–ª–≥–æ–≥—Ä–∞–¥ ‚Äì –ù–æ–≤–æ–∫—É–π–±—ã—à–µ–≤—Å–∫¬ª ‚Äì –ú–∞—è–∫ ‚Äì –¢–æ–º—ã–ª–æ–≤–æ¬ª –¥–æ —É–ª–∏—Ü—ã –ü—Ä–æ–º—ã—à–ª–µ–Ω–Ω–æ–π –≤ –≥–æ—Ä–æ–¥–µ –ù–æ–≤–æ–∫—É–π–±—ã—à–µ–≤—Å–∫),
—Å 17:30 –¥–æ 21:00‚Äâ‚Äî‚Äâ—É–ª–∏—Ü–∞ –ü—Ä–æ–º—ã—à–ª–µ–Ω–Ω–∞—è –≤ –ù–æ–≤–æ–∫—É–π–±—ã—à–µ–≤—Å–∫–µ (–¥–æ –ø–µ—Ä–µ–∫—Ä—ë—Å—Ç–∫–∞ —Å —É–ª. –•–∏–º–∏–∫–æ–≤), 
—Å 21:00 –¥–æ 21:45‚Äâ‚Äî‚Äâ—É–ª–∏—Ü–∞ –•–∏–º–∏–∫–æ–≤ (–¥–æ –ø—Ä–æ—Ö–æ–¥–Ω–æ–π –ù–æ–≤–æ–∫—É–π–±—ã—à–µ–≤—Å–∫–æ–≥–æ –ù–ü–ó).

–£—á–∏—Ç—ã–≤–∞—è –ø–µ—Ä–µ–∫—Ä—ã—Ç–∏–µ, –≤—ã–±–∏—Ä–∞–π—Ç–µ –æ–±—ä–µ–∑–¥–Ω—ã–µ –ø—É—Ç–∏.

‚Ä¢–ù–∞—à–∏ —Å–æ—Ü–∏–∞–ª—å–Ω—ã–µ —Å–µ—Ç–∏‚Ä¢
üì§–¢–µ–ª–µ–≥—Ä–∞–º https://t.me/novokuybishevsk

üì§–í–ö–æ–Ω—Ç–∞–∫—Ç–µ https://vk.com/vestinsk

#–ù–æ–≤–æ–∫—É–π–±—ã—à–µ–≤—Å–∫ #–ù–æ–≤–æ—Å—Ç–∏–ù–æ–≤–æ–∫—É–π–±—ã—à–µ–≤—Å–∫–∞ #–ì–æ—Ä–æ–¥ #Nsk #Novokuibyshevsk #–†–æ—Å—Å–∏—è #–°–∞–º–∞—Ä–∞",1703250583
10,vestinsk,"–í –ù–æ–≤–æ–∫—É–π–±—ã—à–µ–≤—Å–∫–µ –ø–æ–¥–≤–µ–ª–∏ –∏—Ç–æ–≥–∏ –≥–æ–ª–æ—Å–æ–≤–∞–Ω–∏—è –∑–∞ —Ä–µ–º–æ–Ω—Ç –¥–æ—Ä–æ–≥ –≤ 2024 –≥–æ–¥—É 
 
–ê–¥–º–∏–Ω–∏—Å—Ç—Ä–∞—Ü–∏—è –≥–æ—Ä–æ–¥–∞ –ø–æ–¥–≤–µ–ª–∞ –∏—Ç–æ–≥–∏ –ø—É–±–ª–∏—á–Ω–æ–≥–æ –≥–æ–ª–æ—Å–æ–≤–∞–Ω–∏—è. –ì–æ–ª–æ—Å–∞ —Ä–∞—Å–ø—Ä–µ–¥–µ–ª–∏–ª–∏—Å—å —Å–ª–µ–¥—É—é—â–∏–º –æ–±—Ä–∞–∑–æ–º:
 
—É–ª–∏—Ü–∞ –ë–æ—á–∞—Ä–∏–∫–æ–≤–∞ - 173 –≥–æ–ª–æ—Å–∞ –∏–ª–∏ 24.37%, 
—É–ª–∏—Ü–∞ –ß–µ—Ä–Ω—ã—à–µ–≤—Å–∫–æ–≥–æ (–æ—Ç —É–ª. –ü–∏—Ä–æ–≥–æ–≤–∞ –¥–æ —É–ª. –î–∑–µ—Ä–∂–∏–Ω—Å–∫–æ–≥–æ - 159 —á–µ–ª–æ–≤–µ–∫ –∏–ª–∏ 22.39% 
—É–ª–∏—Ü–∞ –°–≤–µ—Ä–¥–ª–æ–≤–∞ (–æ—Ç –ø—Ä. –ü–æ–±–µ–¥—ã –¥–æ —É–ª. –ü–æ—Å–µ–ª–∫–æ–≤–æ–π) 97 —á–µ–ª–æ–≤–µ–∫ –∏–ª–∏ 13.66%. 
 
—É–ª–∏—Ü–∞ –ö–∏—Ä–æ–≤–∞ (–æ—Ç —É–ª. –ì–∞–≥–∞—Ä–∏–Ω–∞ –¥–æ –∫–æ–ª—å—Ü–∞ –Ω–∞ —É–ª.–ü—Ä–æ–º—ã—à–ª–µ–Ω–Ω–æ–π) 68 –≥–æ–ª–æ—Å–æ–≤ –∏–ª–∏ 9.58%, 
—É–ª–∏—Ü–∞ –ì–æ—Ä—å–∫–æ–≥–æ –≤ —Ä–∞–π–æ–Ω–µ —Å—Ç–æ–ª–æ–≤–æ–π ¬´–õ–µ—Ç–æ¬ª 56 –≥–æ–ª–æ—Å–æ–≤ –∏–ª–∏ 7.89%, 
—É–ª–∏—Ü–∞ –ö–∏—Ä–æ–≤–∞ (–æ—Ç —É–ª. 50-–ª–µ—Ç–∏—è –ù–ü3 –¥–æ —É–ª. –ì–∞–≥–∞—Ä–∏–Ω–∞) 43 –≥–æ–ª–æ—Å–∞ –∏–ª–∏ 6.06%, 
—É–ª–∏—Ü–∞ –°—É–≤–æ—Ä–æ–≤–∞ (–æ—Ç —É–ª. –°–∞–¥–æ–≤–∞—è –¥–æ —É–ª. –ì–æ—Ä—å–∫–æ–≥–æ) 34 –≥–æ–ª–æ—Å–∞ –∏–ª–∏ 4.79% 
—É–ª–∏—Ü–∞ –ï–≥–æ—Ä–æ–≤–∞ (–≤—Ç–æ—Ä–æ—Å—Ç–µ–ø–µ–Ω–Ω–∞—è, –æ—Ç —É–ª. –°—É–≤–æ—Ä–æ–≤–∞ –¥–æ —É–ª. –ï–≥–æ—Ä–æ–≤–∞, 
13) ‚Äî 32 –≥–æ–ª–æ—Å–∞ –∏–ª–∏ 4.51% 
 
—É–ª–∏—Ü–∞ –ü–æ—Å–µ–ª–∫–æ–≤–∞—è 27 –≥–æ–ª–æ—Å–æ–≤ 3.8% 
—É–ª–∏—Ü–∞ –ö–æ–º–º—É–Ω–∏—Å—Ç–∏—á–µ—Å–∫–∞—è (–æ—Ç —É–ª. –°–æ–≤–µ—Ç—Å–∫–∞—è –¥–æ —É–ª. –ì–æ—Ä—å–∫–æ–≥–æ) 21 –≥–æ–ª–æ—Å –∏–ª–∏ 2.96% 
 
–í –∑–∞–≤–∏—Å–∏–º–æ—Å—Ç–∏ –æ—Ç —Ñ–∏–Ω–∞–Ω—Å–∏—Ä–æ–≤–∞–Ω–∏—è –≤ 2024 –≥–æ–¥—É –±—É–¥—É—Ç –æ—Ç—Ä–µ–º–æ–Ω—Ç–∏—Ä–æ–≤–∞–Ω—ã —É–ª–∏—Ü—ã, –Ω–∞–±—Ä–∞–≤—à–∏–µ –±–æ–ª—å—à–∏–Ω—Å—Ç–≤–æ –≥–æ–ª–æ—Å–æ–≤

‚Ä¢–ù–∞—à–∏ —Å–æ—Ü–∏–∞–ª—å–Ω—ã–µ —Å–µ—Ç–∏‚Ä¢
üì§–¢–µ–ª–µ–≥—Ä–∞–º https://t.me/novokuybishevsk

üì§–í–ö–æ–Ω—Ç–∞–∫—Ç–µ https://vk.com/vestinsk

#–ù–æ–≤–æ–∫—É–π–±—ã—à–µ–≤—Å–∫ #–ù–æ–≤–æ—Å—Ç–∏–ù–æ–≤–æ–∫—É–π–±—ã—à–µ–≤—Å–∫–∞ #–ì–æ—Ä–æ–¥ #Nsk #Novokuibyshevsk #–†–æ—Å—Å–∏—è #–°–∞–º–∞—Ä–∞",1703241000
11,vestinsk,"–ú–∞—Å—Å–æ–≤–æ–µ –∫–∞—Ç–∞–Ω–∏–µ –Ω–∞ –∫–æ–Ω—å–∫–∞—Ö 23 –∏ 24 –¥–µ–∫–∞–±—Ä—è –Ω–∞ —Å—Ç–∞–¥–∏–æ–Ω–µ ""–ù–µ—Ñ—Ç—è–Ω–∏–∫"" –≤ –ù–æ–≤–æ–∫—É–π–±—ã—à–µ–≤—Å–∫–µ –ø—Ä–æ–≤–æ–¥–∏—Ç—å—Å—è –ù–ï –±—É–¥–µ—Ç –≤ —Å–≤—è–∑–∏ —Å –ø–æ–≥–æ–¥–Ω—ã–º–∏ —É—Å–ª–æ–≤–∏—è–º–∏

‚Ä¢–ù–∞—à–∏ —Å–æ—Ü–∏–∞–ª—å–Ω—ã–µ —Å–µ—Ç–∏‚Ä¢
üì§–¢–µ–ª–µ–≥—Ä–∞–º https://t.me/novokuybishevsk

üì§–í–ö–æ–Ω—Ç–∞–∫—Ç–µ https://vk.com/vestinsk

#–ù–æ–≤–æ–∫—É–π–±—ã—à–µ–≤—Å–∫ #–ù–æ–≤–æ—Å—Ç–∏–ù–æ–≤–æ–∫—É–π–±—ã—à–µ–≤—Å–∫–∞ #–ì–æ—Ä–æ–¥ #Nsk #Novokuibyshevsk #–†–æ—Å—Å–∏—è #–°–∞–º–∞—Ä–∞",1703236906
12,vestinsk,"–ù–æ–≤–æ–∫—É–π–±—ã—à–µ–≤—Å–∫ üòç

‚Ä¢–ù–∞—à–∏ —Å–æ—Ü–∏–∞–ª—å–Ω—ã–µ —Å–µ—Ç–∏‚Ä¢
üì§–¢–µ–ª–µ–≥—Ä–∞–º https://t.me/novokuybishevsk

üì§–í–ö–æ–Ω—Ç–∞–∫—Ç–µ https://vk.com/vestinsk

#–ù–æ–≤–æ–∫—É–π–±—ã—à–µ–≤—Å–∫ #–ù–æ–≤–æ—Å—Ç–∏–ù–æ–≤–æ–∫—É–π–±—ã—à–µ–≤—Å–∫–∞ #–ì–æ—Ä–æ–¥ #Nsk #Novokuibyshevsk #–†–æ—Å—Å–∏—è #–°–∞–º–∞—Ä–∞",1703181000
13,vestinsk,"–ò—â—É –æ–¥–Ω–æ–≥—Ä—É–ø–ø–Ω–∏–∫–æ–≤ –∏–∑ –¥–µ—Ç—Å–∫–æ–≥–æ —Å–∞–¥–∞ ""–°–∫–∞–∑–∫–∞"". –ö—Ç–æ —Å–µ–±—è —É–∑–Ω–∞–ª, –æ—Ç–ø–∏—à–∏—Ç–µ—Å—å –º–Ω–µ –ø–æ–∂–∞–ª—É–π—Å—Ç–∞

‚Ä¢–ù–∞—à–∏ —Å–æ—Ü–∏–∞–ª—å–Ω—ã–µ —Å–µ—Ç–∏‚Ä¢
üì§–¢–µ–ª–µ–≥—Ä–∞–º https://t.me/novokuybishevsk

üì§–í–ö–æ–Ω—Ç–∞–∫—Ç–µ https://vk.com/vestinsk

#–ù–æ–≤–æ–∫—É–π–±—ã—à–µ–≤—Å–∫ #–ù–æ–≤–æ—Å—Ç–∏–ù–æ–≤–æ–∫—É–π–±—ã—à–µ–≤—Å–∫–∞ #–ì–æ—Ä–æ–¥ #Nsk #Novokuibyshevsk #–†–æ—Å—Å–∏—è #–°–∞–º–∞—Ä–∞",1703179200
14,vestinsk,"–í –ù–æ–≤–æ–∫—É–π–±—ã—à–µ–≤—Å–∫–µ –≥–µ–Ω–¥–∏—Ä–µ–∫—Ç–æ—Ä –ê–û –ø–æ–¥–æ–∑—Ä–µ–≤–∞–µ—Ç—Å—è –≤ –Ω–µ–≤—ã–ø–ª–∞—Ç–µ —Ä–∞–±–æ—Ç–Ω–∏–∫–∞–º 2,5 –º–∏–ª–ª–∏–æ–Ω–æ–≤ —Ä—É–±–ª–µ–π 

–°–ª–µ–¥—Å—Ç–≤–µ–Ω–Ω—ã–º –æ—Ç–¥–µ–ª–æ–º –ø–æ –≥–æ—Ä–æ–¥—É –ù–æ–≤–æ–∫—É–π–±—ã—à–µ–≤—Å–∫—É –≤–æ–∑–±—É–∂–¥–µ–Ω–æ —É–≥–æ–ª–æ–≤–Ω–æ–µ –¥–µ–ª–æ –≤ –æ—Ç–Ω–æ—à–µ–Ω–∏–∏ –≥–µ–Ω–µ—Ä–∞–ª—å–Ω–æ–≥–æ –¥–∏—Ä–µ–∫—Ç–æ—Ä–∞ –∞–∫—Ü–∏–æ–Ω–µ—Ä–Ω–æ–≥–æ –æ–±—â–µ—Å—Ç–≤–∞, –ø–æ–¥–æ–∑—Ä–µ–≤–∞–µ–º–æ–≥–æ –≤ —Å–æ–≤–µ—Ä—à–µ–Ω–∏–∏ –ø—Ä–µ—Å—Ç—É–ø–ª–µ–Ω–∏—è, –ø—Ä–µ–¥—É—Å–º–æ—Ç—Ä–µ–Ω–Ω–æ–≥–æ —á. 2 —Å—Ç. 145.1 –£–ö –†–§ (–ø–æ–ª–Ω–∞—è –Ω–µ–≤—ã–ø–ª–∞—Ç–∞ –∑–∞—Ä–∞–±–æ—Ç–Ω–æ–π –ø–ª–∞—Ç—ã). 

–ö–∞–∫ —Å–µ–≥–æ–¥–Ω—è —Å–æ–æ–±—â–∞–µ—Ç –°–£ –°–ö–† –ø–æ –°–∞–º–∞—Ä—Å–∫–æ–π –æ–±–ª–∞—Å—Ç–∏, –ø–æ–¥–æ–∑—Ä–µ–≤–∞–µ–º—ã–π –Ω–µ –≤—ã–ø–ª–∞—Ç–∏–ª –∑–∞—Ä–ø–ª–∞—Ç—É –Ω–µ—Å–∫–æ–ª—å–∫–∏–º —Ä–∞–±–æ—Ç–Ω–∏–∫–∞–º –∑–∞ –ø–µ—Ä–∏–æ–¥ —Å –∞–≤–≥—É—Å—Ç–∞ –ø–æ –æ–∫—Ç—è–±—Ä—å, –Ω–∞ –æ–±—â—É—é —Å—É–º–º—É –±–æ–ª–µ–µ 2 –º–∏–ª–ª–∏–æ–Ω–æ–≤ 500 —Ç—ã—Å—è—á —Ä—É–±–ª–µ–π. 

¬´–¶–µ–ª—å—é —É–≥–æ–ª–æ–≤–Ω–æ–≥–æ –ø—Ä–µ—Å–ª–µ–¥–æ–≤–∞–Ω–∏—è –∑–∞ —ç–∫–æ–Ω–æ–º–∏—á–µ—Å–∫–∏–µ –ø—Ä–µ—Å—Ç—É–ø–ª–µ–Ω–∏—è —è–≤–ª—è–µ—Ç—Å—è –≤–æ–≤—Å–µ –Ω–µ –∏–∑–æ–ª—è—Ü–∏—è –Ω–µ–ø–ª–∞—Ç–µ–ª—å—â–∏–∫–∞ –æ—Ç –æ–±—â–µ—Å—Ç–≤–∞, –∞ –≤–æ—Å—Å—Ç–∞–Ω–æ–≤–ª–µ–Ω–∏–µ —Å–ø—Ä–∞–≤–µ–¥–ª–∏–≤–æ—Å—Ç–∏ –∏ –≤–æ—Å–ø–æ–ª–Ω–µ–Ω–∏–µ –ø—Ä–∏—á–∏–Ω–µ–Ω–Ω–æ–≥–æ –≥—Ä–∞–∂–¥–∞–Ω–∞–º —É—â–µ—Ä–±–∞ –≤ –≤–∏–¥–µ –≤–æ–∑–≤—Ä–∞—â–µ–Ω–∏—è –¥–µ–Ω–µ–≥¬ª, - –æ—Ç–º–µ—á–∞—é—Ç –≤ –≤–µ–¥–æ–º—Å—Ç–≤–µ.

‚Ä¢–ù–∞—à–∏ —Å–æ—Ü–∏–∞–ª—å–Ω—ã–µ —Å–µ—Ç–∏‚Ä¢
üì§–¢–µ–ª–µ–≥—Ä–∞–º https://t.me/novokuybishevsk

üì§–í–ö–æ–Ω—Ç–∞–∫—Ç–µ https://vk.com/vestinsk

#–ù–æ–≤–æ–∫—É–π–±—ã—à–µ–≤—Å–∫ #–ù–æ–≤–æ—Å—Ç–∏–ù–æ–≤–æ–∫—É–π–±—ã—à–µ–≤—Å–∫–∞ #–ì–æ—Ä–æ–¥ #Nsk #Novokuibyshevsk #–†–æ—Å—Å–∏—è #–°–∞–º–∞—Ä–∞",1703177400
15,vestinsk,"–ó–∞ –≥–æ–¥ –≤ –ù–æ–≤–æ–∫—É–π–±—ã—à–µ–≤—Å–∫–µ —Å—É–¥ –ø—Ä–∏–Ω—è–ª —Ä–µ—à–µ–Ω–∏–µ –æ –≤—ã–¥–≤–æ—Ä–µ–Ω–∏–∏ 67 –º–∏–≥—Ä–∞–Ω—Ç–æ–≤

–ó–∞ 11 –º–µ—Å—è—Ü–µ–≤ 2023 –≥–æ–¥–∞ —Å–æ—Å—Ç–∞–≤–ª–µ–Ω—ã 145 –ø—Ä–æ—Ç–æ–∫–æ–ª–æ–≤ –æ–± –∞–¥–º–∏–Ω–∏—Å—Ç—Ä–∞—Ç–∏–≤–Ω—ã—Ö –ø—Ä–∞–≤–æ–Ω–∞—Ä—É—à–µ–Ω–∏—è—Ö, –ø–∏—à–µ—Ç –í–µ—Å—Ç–Ω–∏–∫. 64 –∂–∏—Ç–µ–ª—è –±–ª–∏–∂–Ω–µ–≥–æ –∑–∞—Ä—É–±–µ–∂—å—è –Ω–∞—Ä—É—à–∏–ª–∏ —Ä–µ–∂–∏–º –ø—Ä–µ–±—ã–≤–∞–Ω–∏—è, —É –Ω–∏—Ö –æ—Ç—Å—É—Ç—Å—Ç–≤–æ–≤–∞–ª–∏ –¥–æ–∫—É–º–µ–Ω—Ç—ã, –ø–æ–¥—Ç–≤–µ—Ä–∂–¥–∞—é—â–∏–µ –ø—Ä–∞–≤–æ –Ω–∞ –ø—Ä–æ–∂–∏–≤–∞–Ω–∏–µ –≤ –†–§. –í –æ—Ç–Ω–æ—à–µ–Ω–∏–∏ –¥–µ–≤—è—Ç–∏ –∏–Ω–æ—Å—Ç—Ä–∞–Ω–Ω—ã—Ö –≥—Ä–∞–∂–¥–∞–Ω –∑–∞ –Ω–∞—Ä—É—à–µ–Ω–∏–µ –ø—Ä–∞–≤–∏–ª –≤—ä–µ–∑–¥–∞ –≤ –Ω–∞—à—É —Å—Ç—Ä–∞–Ω—É —Å–æ—Å—Ç–∞–≤–ª–µ–Ω—ã –∞–¥–º–∏–Ω–∏—Å—Ç—Ä–∞—Ç–∏–≤–Ω—ã–µ –ø—Ä–æ—Ç–æ–∫–æ–ª—ã. 
 
–í 32 —Å–ª—É—á–∞—è—Ö –ø—Ä–∏–Ω–∏–º–∞—é—â–∞—è —Å—Ç–æ—Ä–æ–Ω–∞ –Ω–µ –≤—ã–ø–æ–ª–Ω–∏–ª–∞ –æ–±—è–∑–∞–Ω–Ω–æ—Å—Ç–∏, —Å–≤—è–∑–∞–Ω–Ω—ã–µ —Å –æ—Å—É—â–µ—Å—Ç–≤–ª–µ–Ω–∏–µ–º –º–∏–≥—Ä–∞—Ü–∏–æ–Ω–Ω–æ–≥–æ —É—á–µ—Ç–∞, —Ç–∞–∫–æ–µ –Ω–∞—Ä—É—à–µ–Ω–∏–µ –≤–ª–µ—á–µ—Ç –Ω–∞–ª–æ–∂–µ–Ω–∏–µ –∞–¥–º–∏–Ω–∏—Å—Ç—Ä–∞—Ç–∏–≤–Ω–æ–≥–æ —à—Ç—Ä–∞—Ñ–∞ –Ω–∞ –≥—Ä–∞–∂–¥–∞–Ω –≤ —Ä–∞–∑–º–µ—Ä–µ –æ—Ç 2 —Ç—ã—Å—è—á –¥–æ 5 —Ç—ã—Å—è—á —Ä—É–±–ª–µ–π, –Ω–∞ –¥–æ–ª–∂–Ω–æ—Å—Ç–Ω—ã—Ö –ª–∏—Ü ‚Äì –æ—Ç 40 000 –¥–æ 50 000 —Ä—É–±–ª–µ–π, –Ω–∞ —é—Ä–∏–¥–∏—á–µ—Å–∫–∏—Ö –ª–∏—Ü ‚Äì –æ—Ç 400 —Ç—ã—Å. –¥–æ 500 —Ç—ã—Å. —Ä—É–±–ª–µ–π. 

17 –ª–∏—Ü –±–µ–∑ –≥—Ä–∞–∂–¥–∞–Ω—Å—Ç–≤–∞ –Ω–µ–∑–∞–∫–æ–Ω–Ω–æ –æ—Å—É—â–µ—Å—Ç–≤–ª—è–ª–∏ —Ç—Ä—É–¥–æ–≤—É—é –¥–µ—è—Ç–µ–ª—å–Ω–æ—Å—Ç—å –≤ –Ω–∞—à–µ–º –≥–æ—Ä–æ–¥–µ. 14 —á–µ–ª–æ–≤–µ–∫ –ø–æ–Ω–µ—Å—É—Ç –æ—Ç–≤–µ—Ç—Å—Ç–≤–µ–Ω–Ω–æ—Å—Ç—å –∑–∞ –ø—Ä–∏–≤–ª–µ—á–µ–Ω–∏–µ –∫ —Ç—Ä—É–¥–æ–≤–æ–π –¥–µ—è—Ç–µ–ª—å–Ω–æ—Å—Ç–∏ –ª–∏—Ü–∞ –±–µ–∑ –≥—Ä–∞–∂–¥–∞–Ω—Å—Ç–≤–∞ –ø—Ä–∏ –æ—Ç—Å—É—Ç—Å—Ç–≤–∏–∏ —Ä–∞–∑—Ä–µ—à–µ–Ω–∏—è –Ω–∞ —Ä–∞–±–æ—Ç—É –ª–∏–±–æ –ø–∞—Ç–µ–Ω—Ç–∞. 

–î–µ–≤—è—Ç—å –∏–Ω–æ—Å—Ç—Ä–∞–Ω–Ω—ã—Ö –∂–∏—Ç–µ–ª–µ–π —É–∫–ª–æ–Ω–∏–ª–∏—Å—å –æ—Ç –∏—Å–ø–æ–ª–Ω–µ–Ω–∏—è –∞–¥–º–∏–Ω–∏—Å—Ç—Ä–∞—Ç–∏–≤–Ω–æ–≥–æ –Ω–∞–∫–∞–∑–∞–Ω–∏—è –≤ –≤–∏–¥–µ –∫–æ–Ω—Ç—Ä–æ–ª–∏—Ä—É–µ–º–æ–≥–æ —Å–∞–º–æ—Å—Ç–æ—è—Ç–µ–ª—å–Ω–æ–≥–æ –≤—ã–µ–∑–¥–∞ –∏–∑ –†–æ—Å—Å–∏–π—Å–∫–æ–π –§–µ–¥–µ—Ä–∞—Ü–∏–∏. –°–∞–Ω–∫—Ü–∏—è —Å—Ç–∞—Ç—å–∏ –ø–æ —ç—Ç–æ–º—É –Ω–∞—Ä—É—à–µ–Ω–∏—é –ø—Ä–µ–¥–ø–æ–ª–∞–≥–∞–µ—Ç –Ω–∞–ª–æ–∂–µ–Ω–∏–µ –∞–¥–º–∏–Ω–∏—Å—Ç—Ä–∞—Ç–∏–≤–Ω–æ–≥–æ —à—Ç—Ä–∞—Ñ–∞ –≤ —Ä–∞–∑–º–µ—Ä–µ –æ—Ç —Ç—Ä–µ—Ö —Ç—ã—Å—è—á –¥–æ –ø—è—Ç–∏ —Ç—ã—Å—è—á —Ä—É–±–ª–µ–π –∏ –∞–¥–º–∏–Ω–∏—Å—Ç—Ä–∞—Ç–∏–≤–Ω–æ–µ –≤—ã–¥–≤–æ—Ä–µ–Ω–∏–µ –∑–∞ –ø—Ä–µ–¥–µ–ª—ã –†–æ—Å—Å–∏–∏. 
 
–í —Ç–µ–∫—É—â–µ–º –≥–æ–¥—É –ù–æ–≤–æ–∫—É–π–±—ã—à–µ–≤—Å–∫–∏–π –≥–æ—Ä–æ–¥—Å–∫–æ–π —Å—É–¥ –≤ –æ—Ç–Ω–æ—à–µ–Ω–∏–∏ 46 –∏–Ω–æ—Å—Ç—Ä–∞–Ω–Ω—ã—Ö –≥—Ä–∞–∂–¥–∞–Ω –ø—Ä–∏–Ω—è–ª —Ä–µ—à–µ–Ω–∏–µ –æ –Ω–∞–∑–Ω–∞—á–µ–Ω–∏–∏ –∞–¥–º–∏–Ω–∏—Å—Ç—Ä–∞—Ç–∏–≤–Ω–æ–≥–æ –Ω–∞–∫–∞–∑–∞–Ω–∏—è –≤ –≤–∏–¥–µ —Å–∞–º–æ–∫–æ–Ω—Ç—Ä–æ–ª–∏—Ä—É–µ–º–æ–≥–æ –≤—ã–¥–≤–æ—Ä–µ–Ω–∏—è –∑–∞ –ø—Ä–µ–¥–µ–ª—ã –†–æ—Å—Å–∏–π—Å–∫–æ–π –§–µ–¥–µ—Ä–∞—Ü–∏–∏, –∞ –≤ –æ—Ç–Ω–æ—à–µ–Ω–∏–∏ 21 –∏–Ω–æ—Å—Ç—Ä–∞–Ω–Ω–æ–≥–æ –≥—Ä–∞–∂–¥–∞–Ω–∏–Ω–∞ –Ω–∞–∑–Ω–∞—á–µ–Ω–æ –∞–¥–º–∏–Ω–∏—Å—Ç—Ä–∞—Ç–∏–≤–Ω–æ–µ –Ω–∞–∫–∞–∑–∞–Ω–∏–µ –≤ –≤–∏–¥–µ –≤—ã–¥–≤–æ—Ä–µ–Ω–∏—è –∑–∞ –ø—Ä–µ–¥–µ–ª—ã –†–æ—Å—Å–∏–∏ –∏ —Å–æ–¥–µ—Ä–∂–∞–Ω–∏—è –∏—Ö –≤ —Å–ø–µ—Ü–∏–∞–ª—å–Ω–æ–º —É—á—Ä–µ–∂–¥–µ–Ω–∏–∏ ¬´–¶–µ–Ω—Ç—Ä –≤—Ä–µ–º–µ–Ω–Ω–æ–≥–æ —Å–æ–¥–µ—Ä–∂–∞–Ω–∏—è –∏–Ω–æ—Å—Ç—Ä–∞–Ω–Ω—ã—Ö –≥—Ä–∞–∂–¥–∞–Ω –ì–£ –ú–í–î –†–æ—Å—Å–∏–∏ –ø–æ –°–∞–º–∞—Ä—Å–∫–æ–π –æ–±–ª–∞—Å—Ç–∏¬ª. 
 
31 –∏–Ω–æ—Å—Ç—Ä–∞–Ω–Ω—ã–π –≥—Ä–∞–∂–¥–∞–Ω–∏–Ω –Ω–µ —É–ø–ª–∞—Ç–∏–ª —à—Ç—Ä–∞—Ñ –∑–∞ –∞–¥–º–∏–Ω–∏—Å—Ç—Ä–∞—Ç–∏–≤–Ω—ã–µ –ø—Ä–∞–≤–æ–Ω–∞—Ä—É—à–µ–Ω–∏—è. –ó–∞ —ç—Ç–æ –∏–Ω—Å–ø–µ–∫—Ç–æ—Ä—ã –≥—Ä—É–ø–ø—ã –∏—Å–ø–æ–ª–Ω–µ–Ω–∏—è –∞–¥–º–∏–Ω–∏—Å—Ç—Ä–∞—Ç–∏–≤–Ω–æ–≥–æ –∑–∞–∫–æ–Ω–æ–¥–∞—Ç–µ–ª—å—Å—Ç–≤–∞ –û–ú–í–î –†–æ—Å—Å–∏–∏ –ø–æ –≥. –ù–æ–≤–æ–∫—É–π–±—ã—à–µ–≤—Å–∫—É –Ω–∞–ø—Ä–∞–≤–∏–ª–∏ –ø—Ä–æ–µ–∫—Ç—ã —Ä–µ—à–µ–Ω–∏–π –æ –Ω–µ —Ä–∞–∑—Ä–µ—à–µ–Ω–∏–∏ –∏—Ö –≤—ä–µ–∑–¥–∞ –≤ –†–æ—Å—Å–∏—é –Ω–∞ –æ—Å–Ω–æ–≤–∞–Ω–∏–∏ –ø.10 —á.1 —Å—Ç. 27 –§–µ–¥–µ—Ä–∞–ª—å–Ω–æ–≥–æ –∑–∞–∫–æ–Ω–∞ –æ—Ç 15.08.1996 ‚Ññ 114-–§–ó ¬´–û –ø–æ—Ä—è–¥–∫–µ –≤—ã–µ–∑–¥–∞ –∏–∑ –†–æ—Å—Å–∏–π—Å–∫–æ–π –§–µ–¥–µ—Ä–∞—Ü–∏–∏ –∏ –≤—ä–µ–∑–¥–∞ –≤ –†–æ—Å—Å–∏–π—Å–∫—É—é –§–µ–¥–µ—Ä–∞—Ü–∏—é¬ª.

–û —á–µ—Ç–≤–µ—Ä—ã—Ö –∏–Ω–æ—Å—Ç—Ä–∞–Ω—Ü–∞—Ö, –∫–æ—Ç–æ—Ä—ã–µ –±–æ–ª–µ–µ –¥–≤—É—Ö —Ä–∞–∑ –≤ —Ç–µ—á–µ–Ω–∏–µ —Ç—Ä–µ—Ö –ª–µ—Ç –±—ã–ª–∏ –ø—Ä–∏–≤–ª–µ—á–µ–Ω—ã –∫ –∞–¥–º–∏–Ω–∏—Å—Ç—Ä–∞—Ç–∏–≤–Ω–æ–π –æ—Ç–≤–µ—Ç—Å—Ç–≤–µ–Ω–Ω–æ—Å—Ç–∏, —Ç–∞–∫ –∂–µ —É–≤–µ–¥–æ–º–ª–µ–Ω –æ—Ç–¥–µ–ª –ø–æ –≤–æ–ø—Ä–æ—Å–∞–º –º–∏–≥—Ä–∞—Ü–∏–∏ –≥–æ—Ä–æ–¥—Å–∫–æ–≥–æ –æ—Ç–¥–µ–ª–∞ –ø–æ–ª–∏—Ü–∏–∏, —Ç–µ–ø–µ—Ä—å –Ω–∞ –æ—Å–Ω–æ–≤–∞–Ω–∏–∏ –ø. 4 —Å—Ç. 26 —ç—Ç–æ–≥–æ –∂–µ –§–µ–¥–µ—Ä–∞–ª—å–Ω–æ–≥–æ –∑–∞–∫–æ–Ω–∞ –æ—Ç 15.08.1996 ‚Ññ 114-–§–ó –æ–Ω–∏ –Ω–µ –ø–æ–ª—É—á–∞—Ç —Ä–∞–∑—Ä–µ—à–µ–Ω–∏—è –Ω–∞ –≤—ä–µ–∑–¥ –≤ –Ω–∞—à—É —Å—Ç—Ä–∞–Ω—É

‚Ä¢–ù–∞—à–∏ —Å–æ—Ü–∏–∞–ª—å–Ω—ã–µ —Å–µ—Ç–∏‚Ä¢
üì§–¢–µ–ª–µ–≥—Ä–∞–º https://t.me/novokuybishevsk

üì§–í–ö–æ–Ω—Ç–∞–∫—Ç–µ https://vk.com/vestinsk

#–ù–æ–≤–æ–∫—É–π–±—ã—à–µ–≤—Å–∫ #–ù–æ–≤–æ—Å—Ç–∏–ù–æ–≤–æ–∫—É–π–±—ã—à–µ–≤—Å–∫–∞ #–ì–æ—Ä–æ–¥ #Nsk #Novokuibyshevsk #–†–æ—Å—Å–∏—è #–°–∞–º–∞—Ä–∞",1703175600
16,vestinsk,"–í –ù–æ–≤–æ–∫—É–π–±—ã—à–µ–≤—Å–∫–µ –ø–æ–≤—ã—Å—è—Ç —Å—Ç–æ–∏–º–æ—Å—Ç—å –ø—Ä–æ–µ–∑–¥–∞ –≤ –æ–±—â–µ—Å—Ç–≤–µ–Ω–Ω–æ–º —Ç—Ä–∞–Ω—Å–ø–æ—Ä—Ç–µ

–ò–∑–º–µ–Ω–µ–Ω–∏—è –≤—Å—Ç—É–ø—è—Ç –≤ —Å–∏–ª—É 1 —è–Ω–≤–∞—Ä—è 2024 –≥–æ–¥–∞

–°—É–º–º–∞ —Å–æ—Å—Ç–∞–≤–∏—Ç 35 —Ä—É–±–ª–µ–π –∑–∞ –æ–¥–Ω—É –ø–æ–µ–∑–¥–∫—É.
 
–¢–∞–∫–∂–µ —Å 1 —è–Ω–≤–∞—Ä—è 2024 —Ç–∞–∫–∂–µ –±—É–¥—É—Ç –¥–µ–π—Å—Ç–≤–æ–≤–∞—Ç—å –ª—å–≥–æ—Ç–Ω—ã–µ —Ç–∞—Ä–∏—Ñ—ã –∑–∞ –ø—Ä–æ–µ–∑–¥ —Å –∏—Å–ø–æ–ª—å–∑–æ–≤–∞–Ω–∏–µ–º –±–µ–∑–Ω–∞–ª–∏—á–Ω–æ–π –æ–ø–ª–∞—Ç—ã:- –ï–¥–∏–Ω–∞—è —Ç—Ä–∞–Ω—Å–ø–æ—Ä—Ç–Ω–∞—è –∫–∞—Ä—Ç–∞ - 34 —Ä—É–±–ª—è –∑–∞ –ø–æ–µ–∑–¥–∫—É;
- –ö–∞—Ä—Ç–∞ —à–∫–æ–ª—å–Ω–∏–∫–∞ –∏ —Å—Ç—É–¥–µ–Ω—Ç–∞ - 14,20 —Ä—É–±–ª–µ–π –∑–∞ –ø–æ–µ–∑–¥–∫—É;
- –ë–µ–∑–ª–∏–º–∏—Ç–Ω–∞—è –∫–∞—Ä—Ç–∞ —Å—Ç—É–¥–µ–Ω—Ç–∞ - 703 —Ä—É–±–ª—è –≤ –º–µ—Å.;
- –ë–µ–∑–ª–∏–º–∏—Ç–Ω–∞—è –∫–∞—Ä—Ç–∞ —à–∫–æ–ª—å–Ω–∏–∫–∞ - 562 —Ä—É–±–ª—è –≤ –º–µ—Å—è—Ü;
- –ë–µ–∑–ª–∏–º–∏—Ç–Ω–∞—è –∫–∞—Ä—Ç–∞ –¥–ª—è –≤–æ–µ–Ω–Ω–æ—Å–ª—É–∂–∞—â–∏—Ö - —É—á–∞—Å—Ç–Ω–∏–∫–æ–≤ –°–í–û –∏ —á–ª–µ–Ω–æ–≤ –∏—Ö —Å–µ–º–µ–π - 50 —Ä—É–±–ª–µ–π  –≤ –º–µ—Å—è—Ü (–±–µ–∑ –∏–∑–º–µ–Ω–µ–Ω–∏—è).

‚Ä¢–ù–∞—à–∏ —Å–æ—Ü–∏–∞–ª—å–Ω—ã–µ —Å–µ—Ç–∏‚Ä¢
üì§–¢–µ–ª–µ–≥—Ä–∞–º https://t.me/novokuybishevsk

üì§–í–ö–æ–Ω—Ç–∞–∫—Ç–µ https://vk.com/vestinsk

#–ù–æ–≤–æ–∫—É–π–±—ã—à–µ–≤—Å–∫ #–ù–æ–≤–æ—Å—Ç–∏–ù–æ–≤–æ–∫—É–π–±—ã—à–µ–≤—Å–∫–∞ #–ì–æ—Ä–æ–¥ #Nsk #Novokuibyshevsk #–†–æ—Å—Å–∏—è #–°–∞–º–∞—Ä–∞",1703173800
17,vestinsk,"–í –ù–æ–≤–æ–∫—É–π–±—ã—à–µ–≤—Å–∫–µ –ø–µ—Ä–µ–∫—Ä—ã–ª–∏ –¥–≤–∏–∂–µ–Ω–∏–µ –Ω–∞ –æ–¥–Ω–æ–π –∏–∑ —É–ª–∏—Ü

–° 20 –ø–æ 22 –¥–µ–∫–∞–±—Ä—è 2023 –≥–æ–¥–∞ –∑–∞–∫—Ä—ã—Ç–∞ –ø—Ä–æ–µ–∑–∂–∞—è —á–∞—Å—Ç—å –¥–æ—Ä–æ–≥–∏ 
–ø–æ —É–ª. –õ–µ–Ω–∏–Ω–≥—Ä–∞–¥—Å–∫–æ–π, –≤ —Ä–∞–π–æ–Ω–µ –∂–∏–ª–æ–≥–æ –¥–æ–º–∞ ‚Ññ 8. 
 
–î–≤–∏–∂–µ–Ω–∏–µ –æ—Å—É—â–µ—Å—Ç–≤–ª—è–µ—Ç—Å—è —Å–æ–≥–ª–∞—Å–Ω–æ –ø—Ä–∏–ª–æ–∂–µ–Ω–Ω–æ–π —Å—Ö–µ–º–µ

‚Ä¢–ù–∞—à–∏ —Å–æ—Ü–∏–∞–ª—å–Ω—ã–µ —Å–µ—Ç–∏‚Ä¢
üì§–¢–µ–ª–µ–≥—Ä–∞–º https://t.me/novokuybishevsk

üì§–í–ö–æ–Ω—Ç–∞–∫—Ç–µ https://vk.com/vestinsk

#–ù–æ–≤–æ–∫—É–π–±—ã—à–µ–≤—Å–∫ #–ù–æ–≤–æ—Å—Ç–∏–ù–æ–≤–æ–∫—É–π–±—ã—à–µ–≤—Å–∫–∞ #–ì–æ—Ä–æ–¥ #Nsk #Novokuibyshevsk #–†–æ—Å—Å–∏—è #–°–∞–º–∞—Ä–∞",1703172000
18,vestinsk,"–ù–∞–≤–µ—Ä–Ω–æ –∂–¥—É—Ç –∫–æ–≥–¥–∞ –∫–æ–º—É –Ω–∏–±—É–¥—å –Ω–∞ –≥–æ–ª–æ–≤—É —É–ø–∞–¥—ë—Ç ü§≠üëçüèª
–ê–Ω–æ–Ω

‚Ä¢–ù–∞—à–∏ —Å–æ—Ü–∏–∞–ª—å–Ω—ã–µ —Å–µ—Ç–∏‚Ä¢
üì§–¢–µ–ª–µ–≥—Ä–∞–º https://t.me/novokuybishevsk

üì§–í–ö–æ–Ω—Ç–∞–∫—Ç–µ https://vk.com/vestinsk

#–ù–æ–≤–æ–∫—É–π–±—ã—à–µ–≤—Å–∫ #–ù–æ–≤–æ—Å—Ç–∏–ù–æ–≤–æ–∫—É–π–±—ã—à–µ–≤—Å–∫–∞ #–ì–æ—Ä–æ–¥ #Nsk #Novokuibyshevsk #–†–æ—Å—Å–∏—è #–°–∞–º–∞—Ä–∞",1703170200
19,vestinsk,"–ë—É–¥—å—Ç–µ –æ—Å—Ç–æ—Ä–æ–∂–Ω—ã, —Å –∫—Ä—ã—à –ª–µ—Ç–∏—Ç –Ω–µ —Ç–æ–ª—å–∫–æ —Å–Ω–µ–≥, –Ω–æ –∏ –æ–≥—Ä–∞–∂–¥–µ–Ω–∏—è

‚Ä¢–ù–∞—à–∏ —Å–æ—Ü–∏–∞–ª—å–Ω—ã–µ —Å–µ—Ç–∏‚Ä¢
üì§–¢–µ–ª–µ–≥—Ä–∞–º https://t.me/novokuybishevsk

üì§–í–ö–æ–Ω—Ç–∞–∫—Ç–µ https://vk.com/vestinsk

#–ù–æ–≤–æ–∫—É–π–±—ã—à–µ–≤—Å–∫ #–ù–æ–≤–æ—Å—Ç–∏–ù–æ–≤–æ–∫—É–π–±—ã—à–µ–≤—Å–∫–∞ #–ì–æ—Ä–æ–¥ #Nsk #Novokuibyshevsk #–†–æ—Å—Å–∏—è #–°–∞–º–∞—Ä–∞",1703168400
20,vestinsk,"–í –ù–æ–≤–æ–∫—É–π–±—ã—à–µ–≤—Å–∫–µ —É–ø–∞–≤—à–∏–π —Å –∫—Ä—ã—à–∏ —Å–Ω–µ–≥ –ø–æ–≤—Ä–µ–¥–∏–ª –∞–≤—Ç–æ

–ü—Ä–æ–∏—Å—à–µ—Å—Ç–≤–∏–µ —Å–ª—É—á–∏–ª–æ—Å—å –Ω–∞ —É–ª–∏—Ü–µ –ö–∞–ª–∏–Ω–∏–Ω–∞

–°–µ–≥–æ–¥–Ω—è —É—Ç—Ä–æ–º –º–µ—Å—Ç–Ω—ã–π –∂–∏—Ç–µ–ª—å –≤—ã—à–µ–ª –∫ —Å–≤–æ–µ–π –ø—Ä–∏–ø–∞—Ä–∫–æ–≤–∞–Ω–Ω–æ–π —É –¥–æ–º–∞ ‚Ññ 8 –ø–æ —É–ª–∏—Ü–µ –ö–∞–ª–∏–Ω–∏–Ω–∞ –õ–∞–¥–µ –í–µ—Å—Ç–µ. –ê–≤—Ç–æ–º–æ–±–∏–ª—å –æ–Ω –æ—Å—Ç–∞–≤–∏–ª –≤—á–µ—Ä–∞ –≤–µ—á–µ—Ä–æ–º.

–û—Ç–∫—Ä—ã–≤—à–∞—è—Å—è –∫–∞—Ä—Ç–∏–Ω–∞ —Å—Ç–∞–ª–∞ –¥–ª—è –Ω–µ–≥–æ –Ω–µ–ø—Ä–∏—è—Ç–Ω—ã–º —Å—é—Ä–ø—Ä–∏–∑–æ–º.

–ü–æ–∫–∞ –µ–≥–æ –Ω–µ –±—ã–ª–æ —Å –∫—Ä—ã—à–∏ –∑–¥–∞–Ω–∏—è –Ω–∞ –∫–∞–ø–æ—Ç –∞–≤—Ç–æ–º–æ–±–∏–ª—è —É–ø–∞–ª–∞ –≥–ª—ã–±–∞ –ª—å–¥–∞, –æ—Å—Ç–∞–≤–∏–≤ –±–æ–ª—å—à—É—é –≤–º—è—Ç–∏–Ω—É.

–¢–µ–ø–µ—Ä—å –º—É–∂—á–∏–Ω–∞ –Ω–∞–º–µ—Ä–µ–Ω –≤–∑—ã—Å–∫–∞—Ç—å —Å –æ—Ç–≤–µ—Ç—Å—Ç–≤–µ–Ω–Ω—ã—Ö –ª–∏—Ü —Å—Ç–æ–∏–º–æ—Å—Ç—å —Ä–µ–º–æ–Ω—Ç–∞.

‚Ä¢–ù–∞—à–∏ —Å–æ—Ü–∏–∞–ª—å–Ω—ã–µ —Å–µ—Ç–∏‚Ä¢
üì§–¢–µ–ª–µ–≥—Ä–∞–º https://t.me/novokuybishevsk

üì§–í–ö–æ–Ω—Ç–∞–∫—Ç–µ https://vk.com/vestinsk

#–ù–æ–≤–æ–∫—É–π–±—ã—à–µ–≤—Å–∫ #–ù–æ–≤–æ—Å—Ç–∏–ù–æ–≤–æ–∫—É–π–±—ã—à–µ–≤—Å–∫–∞ #–ì–æ—Ä–æ–¥ #Nsk #Novokuibyshevsk #–†–æ—Å—Å–∏—è #–°–∞–º–∞—Ä–∞",1703166949
21,vestinsk,"–ù–∞—Ä–∫–æ—Ç–∏–∫–∏ –≤ —Ç–æ–º–∞—Ç–Ω–æ–º —Å–æ–∫–µ –ø—ã—Ç–∞–ª–∏—Å—å –ø–µ—Ä–µ–¥–∞—Ç—å –∑–∞–∫–ª—é—á–µ–Ω–Ω–æ–º—É –≤ –ù–æ–≤–æ–∫—É–π–±—ã—à–µ–≤—Å–∫–µ 

–°–æ—Ç—Ä—É–¥–Ω–∏–∫–∏ –∏—Å–ø—Ä–∞–≤–∏—Ç–µ–ª—å–Ω–æ–π –∫–æ–ª–æ–Ω–∏–∏ ‚Ññ 3 –≤ –ù–æ–≤–æ–∫—É–π–±—ã—à–µ–≤—Å–∫–µ –≤ –∫–æ–º–Ω–∞—Ç–µ¬†–¥–ª–∏—Ç–µ–ª—å–Ω—ã—Ö —Å–≤–∏–¥–∞–Ω–∏–π –¥–æ—Å–º–æ—Ç—Ä–µ–ª–∏ –ø–µ—Ä–µ–¥–∞—á—É —Å –ø—Ä–æ–¥—É–∫—Ç–∞–º–∏ –ø–∏—Ç–∞–Ω–∏—è –∏ –æ–±—Ä–∞—Ç–∏–ª–∏ –≤–Ω–∏–º–∞–Ω–∏–µ –Ω–∞ –Ω–µ–æ–±—ã—á–Ω—ã–π –ø—Ä–µ–¥–º–µ—Ç –≤ –ø–∞–∫–µ—Ç–∏–∫–µ —Å —Ç–æ–º–∞—Ç–Ω—ã–º —Å–æ–∫–æ–º.

–ü–µ—Ä–µ–¥–∞—á–∞ –ø—Ä–µ–¥–Ω–∞–∑–Ω–∞—á–∞–ª–∞—Å—å –æ–¥–Ω–æ–º—É –∏–∑ –∑–∞–∫–ª—é—á–µ–Ω–Ω—ã—Ö. –ö–∞–∫ –æ–∫–∞–∑–∞–ª–æ—Å—å, –≤ –ø–∞–∫–µ—Ç–∏–∫–µ —Ç–æ–º–∞—Ç–Ω–æ–≥–æ —Å–æ–∫–∞ –Ω–∞—Ö–æ–¥–∏–ª–∏—Å—å —Å–≤–µ—Ä—Ç–∫–∏ —Å –∑–∞–ø—Ä–µ—â–µ–Ω–Ω—ã–º–∏ –≤–µ—â–µ—Å—Ç–≤–∞–º–∏. –í –æ–¥–Ω–æ–π –∏–∑ –Ω–∏—Ö –±—ã–ª–∞ –æ–±–Ω–∞—Ä—É–∂–µ–Ω–∞ 23-–≥—Ä–∞–º–º–æ–≤–∞—è –ø–æ—Ä—Ü–∏—è¬†–≥–∞—à–∏—à–∞, –∞ –≤ –¥—Ä—É–≥–æ–π ‚Äî –±–µ–ª—ã–π –ø–æ—Ä–æ—à–æ–∫. –í –Ω–∞—Å—Ç–æ—è—â–µ–µ –≤—Ä–µ–º—è –ø—Ä–æ–≤–æ–¥–∏—Ç—Å—è –µ–≥–æ –∞–Ω–∞–ª–∏–∑ –≤ –ª–∞–±–æ—Ä–∞—Ç–æ—Ä–∏–∏, –º–∞—Å—Å–∞ —Å–æ—Å—Ç–∞–≤–ª—è–µ—Ç –æ–∫–æ–ª–æ 5 –≥—Ä–∞–º–º–æ–≤.

–í —Ö–æ–¥–µ –æ–ø–µ—Ä–∞—Ç–∏–≤–Ω–æ-—Ä–æ–∑—ã—Å–∫–Ω—ã—Ö –º–µ—Ä–æ–ø—Ä–∏—è—Ç–∏–π —Å–æ—Ç—Ä—É–¥–Ω–∏–∫–∏ –æ–ø–µ—Ä–∞—Ç–∏–≤–Ω–æ–≥–æ –æ—Ç–¥–µ–ª–∞ –∫–æ–ª–æ–Ω–∏—è –≤—ã—è—Å–Ω–∏–ª–∏, —á—Ç–æ –ø–µ—Ä–µ–¥–∞—á–∞ –±—ã–ª–∞ –Ω–µ –ø–æ–ª–æ–∂–µ–Ω–∞ –æ—Å—É–∂–¥–µ–Ω–Ω–æ–º—É –†., –æ–¥–Ω–∞–∫–æ –æ–Ω –æ–±—Ä–∞—Ç–∏–ª—Å—è –∑–∞ –ø–æ–º–æ—â—å—é –∫ –¥—Ä—É–≥–æ–º—É –æ—Å—É–∂–¥–µ–Ω–Ω–æ–º—É. –ü–æ—Å—ã–ª–∫–∞ –ø—Ä–µ–¥–ø–æ–ª–∞–≥–∞–ª–∞—Å—å –Ω–∞ –µ–≥–æ –∏–º—è.

–°–µ–π—á–∞—Å –æ—Å—É—â–µ—Å—Ç–≤–ª—è–µ—Ç—Å—è —Å–±–æ—Ä –º–∞—Ç–µ—Ä–∏–∞–ª–æ–≤ –¥–ª—è –¥–∞–ª—å–Ω–µ–π—à–µ–≥–æ –ø—Ä–∏–Ω—è—Ç–∏—è –ø—Ä–æ—Ü–µ—Å—Å—É–∞–ª—å–Ω–æ–≥–æ —Ä–µ—à–µ–Ω–∏—è, —Å–æ–æ–±—â–∞–µ—Ç –ø—Ä–µ—Å—Å-—Å–ª—É–∂–±–∞¬†–£–§–°–ò–ù –°–û.

‚Ä¢–ù–∞—à–∏ —Å–æ—Ü–∏–∞–ª—å–Ω—ã–µ —Å–µ—Ç–∏‚Ä¢
üì§–¢–µ–ª–µ–≥—Ä–∞–º https://t.me/novokuybishevsk

üì§–í–ö–æ–Ω—Ç–∞–∫—Ç–µ https://vk.com/vestinsk

#–ù–æ–≤–æ–∫—É–π–±—ã—à–µ–≤—Å–∫ #–ù–æ–≤–æ—Å—Ç–∏–ù–æ–≤–æ–∫—É–π–±—ã—à–µ–≤—Å–∫–∞ #–ì–æ—Ä–æ–¥ #Nsk #Novokuibyshevsk #–†–æ—Å—Å–∏—è #–°–∞–º–∞—Ä–∞",1703098801
22,vestinsk,"‚òÄÔ∏è‚ùÑÔ∏è 

‚Ä¢–ù–∞—à–∏ —Å–æ—Ü–∏–∞–ª—å–Ω—ã–µ —Å–µ—Ç–∏‚Ä¢
üì§–¢–µ–ª–µ–≥—Ä–∞–º https://t.me/novokuybishevsk

üì§–í–ö–æ–Ω—Ç–∞–∫—Ç–µ https://vk.com/vestinsk

#–ù–æ–≤–æ–∫—É–π–±—ã—à–µ–≤—Å–∫ #–ù–æ–≤–æ—Å—Ç–∏–ù–æ–≤–æ–∫—É–π–±—ã—à–µ–≤—Å–∫–∞ #–ì–æ—Ä–æ–¥ #Nsk #Novokuibyshevsk #–†–æ—Å—Å–∏—è #–°–∞–º–∞—Ä–∞",1703097000
23,vestinsk,,1703089707
24,vestinsk,"üìö¬†–ú–æ–¥–µ–ª—å–Ω–∞—è –±–∏–±–ª–∏–æ—Ç–µ–∫–∞ –ø–æ —É–ª.–û—Å—Ç—Ä–æ–≤—Å–∫–æ–≥–æ –≥–æ—Ç–æ–≤–∏—Ç—Å—è –∫ –æ—Ç–∫—Ä—ã—Ç–∏—é

19 –Ω–æ—è–±—Ä—è –∑–¥–µ—Å—å —Å–æ—Å—Ç–æ—è–ª—Å—è –ø—Ä–µ—Å—Å-—Ç—É—Ä –¥–ª—è –∂—É—Ä–Ω–∞–ª–∏—Å—Ç–æ–≤ –≥–æ—Ä–æ–¥—Å–∫–∏—Ö –°–ú–ò. –î–∏—Ä–µ–∫—Ç–æ—Ä –ú–ë–£–ö ""–ë–ò–°"" –¢–∞—Ç—å—è–Ω–∞ –ö–æ–ª–æ–∫–æ–ª–æ–≤–∞ –ø—Ä–µ–¥—Å—Ç–∞–≤–∏–ª–∞ –∫–æ–º–∞–Ω–¥—É ""–ù–æ–≤–æ–∫—É–±–∏–∫–∞"" –∏¬†–ø—Ä–æ–≤–µ–ª–∞ —ç–∫—Å–∫—É—Ä—Å–∏—é –ø–æ —Ç—Ä—ë–º —ç—Ç–∞–∂–∞–º –æ–±–Ω–æ–≤–ª–µ–Ω–Ω–æ–≥–æ –ø—Ä–æ—Å—Ç—Ä–∞–Ω—Å—Ç–≤–∞.

–ü–æ—Å–µ—Ç–∏—Ç–µ–ª–µ–π —É–∂–µ –≤—Å—Ç—Ä–µ—á–∞–µ—Ç —Ä–æ–±–æ—Ç –†–æ–±–∏. –û–Ω–∞ –º–æ–∂–µ—Ç –ø—Ä–æ–≤–µ—Å—Ç–∏ –Ω–µ —Ç–æ–ª—å–∫–æ —ç–∫—Å–∫—É—Ä—Å–∏—é, –Ω–æ –∏ —Ä–∞—Å—Å–∫–∞–∑–∞—Ç—å —Ä–µ–±—è—Ç–∞–º –æ –ª–∏—Ç–µ—Ä–∞—Ç—É—Ä–Ω—ã—Ö –Ω–æ–≤–∏–Ω–∫–∞—Ö. –ë–ª–∞–≥–æ–¥–∞—Ä—è –Ω–∞—Ü–∏–æ–Ω–∞–ª—å–Ω–æ–º—É –ø—Ä–æ–µ–∫—Ç—É ""–ö—É–ª—å—Ç—É—Ä–∞"" –≤ –±–∏–±–ª–∏–æ—Ç–µ–∫–µ –ø–æ—è–≤–∏–ª–æ—Å—å 1600 –Ω–æ–≤—ã—Ö –∫–Ω–∏–≥, –∫–æ—Ç–æ—Ä—ã–µ –æ–±—è–∑–∞—Ç–µ–ª—å–Ω–æ –æ—Ü–µ–Ω—è—Ç —á–∏—Ç–∞—Ç–µ–ª–∏. –î–ª—è –º–∞–ª—ã—à–µ–π —Å–æ–∑–¥–∞–Ω–∞ –∏–≥—Ä–æ–≤–∞—è –∑–æ–Ω–∞. –î–ª—è —Ä–µ–±—è—Ç –ø–æ—Å—Ç–∞—Ä—à–µ –æ–±—É—Å—Ç—Ä–æ–µ–Ω –∫—É–∫–æ–ª—å–Ω—ã–π —Ç–µ–∞—Ç—Ä, –≥–¥–µ –∫–∞–∂–¥—ã–π –≥–æ—Å—Ç—å —Å–º–æ–∂–µ—Ç –ø–æ–ø—Ä–æ–±–æ–≤–∞—Ç—å —Å–µ–±—è –≤ —Ä–æ–ª–∏ –∞–∫—Ç–µ—Ä–∞.

–¢–∞–∫–∂–µ –≤ –±–∏–±–ª–∏–æ—Ç–µ–∫–µ –ø–æ—è–≤–∏–ª–∞—Å—å –º—É–ª—å—Ç—Å—Ç—É–¥–∏—è —Å —Å–æ–≤—Ä–µ–º–µ–Ω–Ω—ã–º –æ–±–æ—Ä—É–¥–æ–≤–∞–Ω–∏–µ–º, –≤ –∫–æ—Ç–æ—Ä–æ–π –¥–µ—Ç–∏ —Å–º–æ–≥—É—Ç —Å–∞–º–∏ —Å–æ–∑–¥–∞–≤–∞—Ç—å –º—É–ª—å—Ç—Ñ–∏–ª—å–º—ã –∏ —É—Å—Ç—Ä–∞–∏–≤–∞—Ç—å –ø—Ä–æ—Å–º–æ—Ç—Ä—ã –¥–ª—è —Ä–æ–¥–∏—Ç–µ–ª–µ–π.

üì∏: –ù–æ–≤–æ–∫—É–π–±—ã—à–µ–≤—Å–∫–æ–µ —Ç–µ–ª–µ–≤–∏–¥–µ–Ω–∏–µ

‚Ä¢–ù–∞—à–∏ —Å–æ—Ü–∏–∞–ª—å–Ω—ã–µ —Å–µ—Ç–∏‚Ä¢
üì§–¢–µ–ª–µ–≥—Ä–∞–º https://t.me/novokuybishevsk

üì§–í–ö–æ–Ω—Ç–∞–∫—Ç–µ https://vk.com/vestinsk

#–ù–æ–≤–æ–∫—É–π–±—ã—à–µ–≤—Å–∫ #–ù–æ–≤–æ—Å—Ç–∏–ù–æ–≤–æ–∫—É–π–±—ã—à–µ–≤—Å–∫–∞ #–ì–æ—Ä–æ–¥ #Nsk #Novokuibyshevsk #–†–æ—Å—Å–∏—è #–°–∞–º–∞—Ä–∞",1703088001
25,vestinsk,"–û–±–Ω–æ–≤–¥—è—é—Ç –ª—ë–¥ –ø–æ—Å–ª–µ –º–∞—Å—Å–æ–≤–æ–≥–æ –∫–∞—Ç–∞–Ω–∏—è

‚Ä¢–ù–∞—à–∏ —Å–æ—Ü–∏–∞–ª—å–Ω—ã–µ —Å–µ—Ç–∏‚Ä¢
üì§–¢–µ–ª–µ–≥—Ä–∞–º https://t.me/novokuybishevsk

üì§–í–ö–æ–Ω—Ç–∞–∫—Ç–µ https://vk.com/vestinsk

#–ù–æ–≤–æ–∫—É–π–±—ã—à–µ–≤—Å–∫ #–ù–æ–≤–æ—Å—Ç–∏–ù–æ–≤–æ–∫—É–π–±—ã—à–µ–≤—Å–∫–∞ #–ì–æ—Ä–æ–¥ #Nsk #Novokuibyshevsk #–†–æ—Å—Å–∏—è #–°–∞–º–∞—Ä–∞",1703086200
26,vestinsk,"–í –ù–æ–≤–æ–∫—É–π–±—ã—à–µ–≤—Å–∫–µ –≤—ã–Ω–µ—Å–ª–∏ –ø—Ä–∏–≥–æ–≤–æ—Ä —Ä–∞–∑–±–æ–π–Ω–∏–∫—É —Å –∫–∞–Ω—Ü–µ–ª—è—Ä—Å–∫–∏–º –Ω–æ–∂–æ–º, –Ω–∞–ø–∞–≤—à–µ–º—É –Ω–∞ –¥–µ–≤—É—à–∫—É

–í –∫–æ–Ω—Ü–µ –∞–≤–≥—É—Å—Ç–∞ –≤ –ø–æ–ª–∏—Ü–∏—é –≤ –ù–æ–≤–æ–∫—É–π–±—ã—à–µ–≤—Å–∫–µ –æ–±—Ä–∞—Ç–∏–ª–∞—Å—å 23-–ª–µ—Ç–Ω—è—è –º–µ—Å—Ç–Ω–∞—è –∂–∏—Ç–µ–ª—å–Ω–∏—Ü–∞. –î–µ–≤—É—à–∫–∞ –ø–æ—è—Å–Ω–∏–ª–∞, —á—Ç–æ –∑–Ω–∞–∫–æ–º—ã–π –æ—Ç–∫—Ä—ã—Ç–æ –ø–æ—Ö–∏—Ç–∏–ª —É –Ω–µ–µ 4000 —Ä—É–±–ª–µ–π. 
 
–ü–æ—Å—Ç—Ä–∞–¥–∞–≤—à–∞—è –ø–æ—è—Å–Ω–∏–ª–∞, —á—Ç–æ –ø–æ—Å–ª–µ —Ä–∞–±–æ—á–µ–≥–æ –¥–Ω—è –ø–æ –¥–æ—Ä–æ–≥–µ –¥–æ–º–æ–π –µ–µ —Å–æ–ø—Ä–æ–≤–æ–∂–¥–∞–ª –∑–Ω–∞–∫–æ–º—ã–π, –∫–æ—Ç–æ—Ä—ã–π –≤–Ω–µ–∑–∞–ø–Ω–æ –≤—ã—Ö–≤–∞—Ç–∏–ª –∏–∑ –∫–∞—Ä–º–∞–Ω–∞ –∫–∞–Ω—Ü–µ–ª—è—Ä—Å–∫–∏–π –Ω–æ–∂ –∏ —É–≥—Ä–æ–∂–∞—è –∏–º, –ø–æ—Ç—Ä–µ–±–æ–≤–∞–ª –æ—Ç–¥–∞—Ç—å –¥–µ–Ω—å–≥–∏. 

–û–ø–∞—Å–∞—è—Å—å –∑–∞ —Å–≤–æ–µ –∑–¥–æ—Ä–æ–≤—å–µ, –¥–µ–≤—É—à–∫–∞ –≤—ã–ø–æ–ª–Ω–∏–ª–∞ —Ç—Ä–µ–±–æ–≤–∞–Ω–∏—è –∑–ª–æ—É–º—ã—à–ª–µ–Ω–Ω–∏–∫–∞ –∏ –æ—Ç–¥–∞–ª–∞ –≤—Å–µ –∏–º–µ—é—â–∏–µ—Å—è –Ω–∞–ª–∏—á–Ω—ã–µ, –ø–æ—Å–ª–µ —á–µ–≥–æ —Ç–æ—Ç —Å–∫—Ä—ã–ª—Å—è. 
 
–°–æ—Ç—Ä—É–¥–Ω–∏–∫–∏ —É–≥–æ–ª–æ–≤–Ω–æ–≥–æ —Ä–æ–∑—ã—Å–∫–∞ –∑–∞–¥–µ—Ä–∂–∞–ª–∏ –ø–æ–¥–æ–∑—Ä–µ–≤–∞–µ–º–æ–≥–æ –ø–æ –º–µ—Å—Ç—É –∂–∏—Ç–µ–ª—å—Å—Ç–≤–∞. –ü—Ä–∏ –æ–ø—Ä–æ—Å–µ —Ä–∞–Ω–µ–µ —Å—É–¥–∏–º—ã–π –∑–∞ –∏–º—É—â–µ—Å—Ç–≤–µ–Ω–Ω—ã–µ –ø—Ä–µ—Å—Ç—É–ø–ª–µ–Ω–∏—è 19-–ª–µ—Ç–Ω–∏–π –º–µ—Å—Ç–Ω—ã–π –∂–∏—Ç–µ–ª—å –≤ —Å–æ–¥–µ—è–Ω–Ω–æ–º —Å–æ–∑–Ω–∞–ª—Å—è –∏ –ø–æ—è—Å–Ω–∏–ª, —á—Ç–æ –¥–µ–Ω—å–≥–∏ –ø–æ—Ç—Ä–∞—Ç–∏–ª –Ω–∞ –ª–∏—á–Ω—ã–µ –Ω—É–∂–¥—ã. –í —Ö–æ–¥–µ –ª–∏—á–Ω–æ–≥–æ –¥–æ—Å–º–æ—Ç—Ä–∞ —É –ø—Ä–∞–≤–æ–Ω–∞—Ä—É—à–∏—Ç–µ–ª—è –±—ã–ª –æ–±–Ω–∞—Ä—É–∂–µ–Ω –∏ –∏–∑—ä—è—Ç –∫–∞–Ω—Ü–µ–ª—è—Ä—Å–∫–∏–π –Ω–æ–∂. 
 
–ë—ã–ª–æ –≤–æ–∑–±—É–∂–¥–µ–Ω–æ —É–≥–æ–ª–æ–≤–Ω–æ–µ –¥–µ–ª–æ –ø–æ —Ñ–∞–∫—Ç—É —Ä–∞–∑–±–æ—è —Å –ø—Ä–∏–º–µ–Ω–µ–Ω–∏–µ–º –æ—Ä—É–∂–∏—è –∏–ª–∏ –ø—Ä–µ–¥–º–µ—Ç–æ–≤, –∏—Å–ø–æ–ª—å–∑—É–µ–º—ã—Ö –≤ –∫–∞—á–µ—Å—Ç–≤–µ –æ—Ä—É–∂–∏—è.

–°—É–¥ –ø—Ä–∏–∑–Ω–∞–ª –º–æ–ª–æ–¥–æ–≥–æ —á–µ–ª–æ–≤–µ–∫–∞ –≤–∏–Ω–æ–≤–Ω—ã–º –∏ –Ω–∞–∑–Ω–∞—á–∏–ª –µ–º—É –Ω–∞–∫–∞–∑–∞–Ω–∏–µ –≤ –≤–∏–¥–µ –æ–¥–Ω–æ–≥–æ –≥–æ–¥–∞ —à–µ—Å—Ç–∏ –º–µ—Å—è—Ü–µ–≤ –ª–∏—à–µ–Ω–∏—è —Å–≤–æ–±–æ–¥—ã —Å –æ—Ç–±—ã–≤–∞–Ω–∏–µ–º –Ω–∞–∫–∞–∑–∞–Ω–∏—è –≤ –∏—Å–ø—Ä–∞–≤–∏—Ç–µ–ª—å–Ω–æ–π –∫–æ–ª–æ–Ω–∏–∏ –æ–±—â–µ–≥–æ —Ä–µ–∂–∏–º–∞. –ü—Ä–∏—á–∏–Ω–µ–Ω–Ω—ã–π —É—â–µ—Ä–± –ø–æ–¥—Å—É–¥–∏–º—ã–π –≤–æ–∑–º–µ—Å—Ç–∏–ª –≤ —Ö–æ–¥–µ —Å–ª–µ–¥—Å—Ç–≤–∏—è.

‚Ä¢–ù–∞—à–∏ —Å–æ—Ü–∏–∞–ª—å–Ω—ã–µ —Å–µ—Ç–∏‚Ä¢
üì§–¢–µ–ª–µ–≥—Ä–∞–º https://t.me/novokuybishevsk

üì§–í–ö–æ–Ω—Ç–∞–∫—Ç–µ https://vk.com/vestinsk

#–ù–æ–≤–æ–∫—É–π–±—ã—à–µ–≤—Å–∫ #–ù–æ–≤–æ—Å—Ç–∏–ù–æ–≤–æ–∫—É–π–±—ã—à–µ–≤—Å–∫–∞ #–ì–æ—Ä–æ–¥ #Nsk #Novokuibyshevsk #–†–æ—Å—Å–∏—è #–°–∞–º–∞—Ä–∞",1703084402
27,vestinsk,"–î–≤–æ–µ –∂–∏—Ç–µ–ª–µ–π –ù–æ–≤–æ–∫—É–π–±—ã—à–µ–≤—Å–∫–∞ —Å–ø–∞—Å–ª–∏ –∏–∑ –ø–æ–∂–∞—Ä–∞ –¥–≤–æ–∏—Ö –º—É–∂—á–∏–Ω
 
–†–∏—Å–∫—É—è –∂–∏–∑–Ω—å—é —Å–æ—Å–µ–¥ –ø–æ–≥–æ—Ä–µ–ª—å—Ü–µ–≤ –∏ –µ–≥–æ –¥—Ä—É–≥ —Ä–∏–Ω—É–ª–∏—Å—å –≤ –∑–∞–≥–æ—Ä–µ–≤—à–∏–π –≤–∞–≥–æ–Ω—á–∏–∫, —á—Ç–æ–±—ã —Å–ø–∞—Å—Ç–∏ –¥–≤–æ–∏—Ö –º—É–∂—á–∏–Ω
 
16 –¥–µ–∫–∞–±—Ä—è –Ω–∞ —É–ª–∏—Ü–µ –ñ–µ–ª–µ–∑–Ω–æ–¥–æ—Ä–æ–∂–Ω–æ–π —Ç—É—à–∏–ª–∏ –∑–∞–≥–æ—Ä–µ–≤—à–∏–π—Å—è –≤–∞–≥–æ–Ω—á–∏–∫, –ú–ß–° —Å–æ–æ–±—â–∞–ª–∏, —á—Ç–æ —Å–ø–∞—Å–µ–Ω–æ –¥–≤–∞ —á–µ–ª–æ–≤–µ–∫–∞, –Ω–æ –ø—Ä–∏ –∫–∞–∫–∏—Ö –æ–±—Å—Ç–æ—è—Ç–µ–ª—å—Å—Ç–≤–∞—Ö —Ä–∞—Å—Å–∫–∞–∑–∞–ª –±—Ä–∞—Ç –æ–¥–Ω–æ–≥–æ –∏–∑ –≥–µ—Ä–æ–µ–≤, –∫–æ—Ç–æ—Ä—ã–µ –≤–æ—Ä–≤–∞–ª–∏—Å—å –≤ –∑–∞–≥–æ—Ä–µ–≤—à–µ–µ—Å—è —Å–æ–æ—Ä—É–∂–µ–Ω–∏–µ, —á—Ç–æ–±—ã —Å–ø–∞—Å—Ç–∏ –ø–æ—Å—Ç—Ä–∞–¥–∞–≤—à–∏—Ö.
 
–ò–º–µ–Ω–∞ –≥–µ—Ä–æ–µ–≤ –û–≥–∞–Ω–Ω–µ—Å –ì–µ–≤–æ—Ä–≥—è–Ω –∏ –ê–Ω–¥—Ä–∞–Ω–∏–∫ –ú–∞—Ç–æ—Å—è–Ω. –û–±–∞ –∂–∏—Ç–µ–ª–∏ —É–ª–∏—Ü—ã –ñ–µ–ª–µ–∑–Ω–æ–¥–æ—Ä–æ–∂–Ω–æ–π.
 
–ö–∞–∫ —É–¥–∞–ª–æ—Å—å –≤—ã—è—Å–Ω–∏—Ç—å, –û–≥–∞–Ω–Ω–µ—Å —É–≤–∏–¥–µ–ª –¥—ã–º —É —Å–æ—Å–µ–¥–µ–π ‚Äî –¥–æ–º —É –Ω–∏—Ö —Å–≥–æ—Ä–µ–ª, –æ–Ω–∏ –ø–æ—Å—Ç–∞–≤–∏–ª–∏ –≤–∞–≥–æ–Ω—á–∏–∫ –∏ –∂–∏–ª–∏ –≤ –Ω–µ–º. –í–∞–≥–æ–Ω—á–∏–∫ –Ω–∞ –¥—Ä–æ–≤—è–Ω–æ–º –æ—Ç–æ–ø–ª–µ–Ω–∏–∏, –Ω–∞—á–∞–ª–æ—Å—å –≤–æ–∑–≥–æ—Ä–∞–Ω–∏–µ. 
–ê–Ω–¥—Ä–∞–Ω–∏–∫ —É–≤–∏–¥–µ–ª –¥—ã–º –∏ —Ä–µ—à–∏–ª, —á—Ç–æ –ø–æ–∂–∞—Ä —Å–ª—É—á–∏–ª—Å—è —É –û–≥–∞–Ω–Ω–µ—Å–∞, –æ—Ç–ø—Ä–∞–≤–∏–ª—Å—è –Ω–∞ –ø–æ–º–æ—â—å, –Ω–æ –µ–≥–æ –∂–µ–Ω–∞ —Å–∫–∞–∑–∞–ª–∞, —á—Ç–æ –æ–Ω —Å–∞–º –ø–æ—à–µ–ª –∫ —Å–æ—Å–µ–¥—è–º –Ω–∞ –ø–æ–º–æ—â—å. 

–í —ç—Ç–æ –≤—Ä–µ–º—è –û–≥–∞–Ω–Ω–µ—Å —É–∂–µ –≤—ã–ª–∞–º—ã–≤–∞–ª –¥–≤–µ—Ä—å –≤–∞–≥–æ–Ω—á–∏–∫–∞. –°–ø—É—Å—Ç—è –º–∏–Ω—É—Ç 15 –µ–º—É —ç—Ç–æ —É–¥–∞–ª–æ—Å—å, –Ω–∞ –ø–æ—Ä–æ–≥–µ –ª–µ–∂–∞–ª –ø–µ—Ä–≤—ã–π –ø–æ—Å—Ç—Ä–∞–¥–∞–≤—à–∏–π. –û–Ω –µ–≥–æ –≤—ã—Ç–∞—â–∏–ª, —É–∫—Ä—ã–ª —Å–≤–æ–µ–π –∫—É—Ä—Ç–∫–æ–π, –º—É–∂—á–∏–Ω–∞ –±—ã–ª –≤ —Å–æ–∑–Ω–∞–Ω–∏–∏. –ö–æ–≥–¥–∞ –ø–æ–¥–æ—Å–ø–µ–ª –ê–Ω–¥—Ä–∞–Ω–∏–∫, –æ–Ω–∏ –≤—ã–ª–æ–º–∞–ª–∏ –≤–º–µ—Å—Ç–µ –≤—Ç–æ—Ä—É—é –¥–≤–µ—Ä—å –∏ –¥–æ—Å—Ç–∞–ª–∏ –≤—Ç–æ—Ä–æ–≥–æ –ø–æ—Å—Ç—Ä–∞–¥–∞–≤—à–µ–≥–æ. –û–Ω –±—ã–ª –±–µ–∑ —Å–æ–∑–Ω–∞–Ω–∏—è, –º—É–∂—á–∏–Ω—ã —Å–≤–æ–∏–º–∏ —Å–∏–ª–∞–º–∏ –ø—Ä–∏–Ω—è–ª–∏—Å—å –æ–∫–∞–∑—ã–≤–∞—Ç—å —Ä–µ–∞–Ω–∏–º–∞—Ü–∏–æ–Ω–Ω—ã–µ –¥–µ–π—Å—Ç–≤–∏—è. –ú—É–∂—á–∏–Ω–∞ –ø—Ä–∏—à–µ–ª –≤ —Å–µ–±—è –∑–∞–¥—ã—à–∞–ª. –°–≤–∏–¥–µ—Ç–µ–ª–∏ –≥–æ–≤–æ—Ä—è—Ç, —á—Ç–æ –≤—ã–¥—ã—Ö–∞–ª –¥—ã–º –ø—Ä–æ—Å—Ç–æ.
 
–ö —ç—Ç–æ–º—É –º–æ–º–µ–Ω—Ç—É –ø–æ–¥–æ—Å–ø–µ–ª–∏ –ø–æ–∂–∞—Ä–Ω—ã–µ –∏ —Å–∫–æ—Ä–∞—è –ø–æ–º–æ—â—å. –í–æ–∑–≥–æ—Ä–∞–Ω–∏–µ –ø–æ—Ç—É—à–∏–ª–∏, –ø–æ—Å—Ç—Ä–∞–¥–∞–≤—à–∏—Ö –≥–æ—Å–ø–∏—Ç–∞–ª–∏–∑–∏—Ä–æ–≤–∞–ª–∏, –Ω–æ —É–∂–µ —á–µ—Ä–µ–∑ —Å—É—Ç–∫–∏ –æ–Ω–∏ –≤–µ—Ä–Ω—É–ª–∏—Å—å –¥–æ–º–æ–π.
 
–ü—Ä–∞–≤–¥–∞ –Ω–µ –æ–±–æ—à–ª–æ—Å—å –±–µ–∑ —Ç—Ä–∞–≤–º. –•–æ–∑—è–π—Å–∫–∞—è —Å–æ–±–∞–∫–∞ —É–∫—É—Å–∏–ª–∞ –û–≥–∞–Ω–Ω–µ—Å–∞ –∑–∞ –Ω–æ–≥—É. –ù–æ –∫ —Å—á–∞—Å—Ç—å—é, –≤—Å–µ –∂–∏–≤—ã.

‚Ä¢–ù–∞—à–∏ —Å–æ—Ü–∏–∞–ª—å–Ω—ã–µ —Å–µ—Ç–∏‚Ä¢
üì§–¢–µ–ª–µ–≥—Ä–∞–º https://t.me/novokuybishevsk

üì§–í–ö–æ–Ω—Ç–∞–∫—Ç–µ https://vk.com/vestinsk

#–ù–æ–≤–æ–∫—É–π–±—ã—à–µ–≤—Å–∫ #–ù–æ–≤–æ—Å—Ç–∏–ù–æ–≤–æ–∫—É–π–±—ã—à–µ–≤—Å–∫–∞ #–ì–æ—Ä–æ–¥ #Nsk #Novokuibyshevsk #–†–æ—Å—Å–∏—è #–°–∞–º–∞—Ä–∞",1703082600
28,vestinsk,"üöúüöúüöú–ù–ê –£–ë–û–†–ö–£  –ì–û–†–û–î–ê –í–´–®–ï–õ –ê–í–¢–û–ü–û–ï–ó–î.

–í –ù–æ–≤–æ–∫—É–π–±—ã—à–µ–≤—Å–∫–µ –≤ —Å–≤—è–∑–∏ —Å –æ–±–∏–ª—å–Ω—ã–º —Å–Ω–µ–≥–æ–ø–∞–¥–æ–º –¥–æ—Ä–æ–≥–∏ —á–∏—Å—Ç–∏—Ç –∞–≤—Ç–æ–ø–æ–µ–∑–¥. –ü—Ä–∏ —ç—Ç–æ–π —Å–∏—Å—Ç–µ–º–µ –æ–¥–Ω–æ–≤—Ä–µ–º–µ–Ω–Ω–æ–π —Ä–∞–±–æ—Ç—ã —Å—Ä–∞–∑—É –Ω–µ—Å–∫–æ–ª—å–∫–∏—Ö –º–∞—à–∏–Ω —É–¥–∞—ë—Ç—Å—è –∫–∞—á–µ—Å—Ç–≤–µ–Ω–Ω–æ –ø–æ—á–∏—Å—Ç–∏—Ç—å —à–∏—Ä–æ–∫–∏–µ –¥–æ—Ä–æ–≥–∏.

262 –¥–≤–æ—Ä–Ω–∏–∫–∞, 47 –µ–¥–∏–Ω–∏—Ü —Ç–µ—Ö–Ω–∏–∫–∏ –¥–Ω—ë–º –∏ 9 –≤ –Ω–æ—á–Ω—É—é —Å–º–µ–Ω—É —Å–µ–≥–æ–¥–Ω—è –±—ã–ª–∏ –∑–∞–¥–µ–π—Å—Ç–≤–æ–≤–∞–Ω—ã –≤ —É–±–æ—Ä–∫–µ –≥–æ—Ä–æ–¥–∞ –æ—Ç —Å–Ω–µ–≥–∞.

–í –ø–µ—Ä–≤—É—é –æ—á–µ—Ä–µ–¥—å —Å–ø–µ—Ü–∏–∞–ª–∏—Å—Ç—ã –ø—Ä–µ–¥–ø—Ä–∏—è—Ç–∏—è ""–ë–ª–∞–≥–æ—É—Å—Ç—Ä–æ–π—Å—Ç–≤–æ"" –Ω–∞–≤–æ–¥–∏–ª–∏ –ø–æ—Ä—è–¥–æ–∫ –Ω–∞ –æ—Å–Ω–æ–≤–Ω—ã—Ö —Ç—Ä–∞–Ω—Å–ø–æ—Ä—Ç–Ω—ã—Ö –∞—Ä—Ç–µ—Ä–∏—è—Ö –≥–æ—Ä–æ–¥–∞, –ø–æ –∫–æ—Ç–æ—Ä—ã–º –¥–≤–∏–∂–µ—Ç—Å—è –æ–±—â–µ—Å—Ç–≤–µ–Ω–Ω—ã–π —Ç—Ä–∞–Ω—Å–ø–æ—Ä—Ç,  –ø–æ–∑–∂–µ –ø—Ä–∏—Å—Ç—É–ø–∏–ª–∏ –∫ –≤—Ç–æ—Ä–æ—Å—Ç–µ–ø–µ–Ω–Ω—ã—Ö –¥–æ—Ä–æ–≥–∞–º –∏ –∑–∞–≥–æ—Ä–æ–¥–Ω–æ–π –∑–æ–Ω–µ –ù–æ–≤–æ–∫—É–π–±—ã—à–µ–≤—Å–∫–∞. –ù–∞ –ø–µ—Ä–∏–æ–¥ –∑–∏–º—ã –∑–∞–≥–æ—Ç–æ–≤–ª–µ–Ω–æ 3500 —Ç–æ–Ω–Ω –ø–µ—Å–∫–æ—Å–æ–ª—è–Ω–æ–π —Å–º–µ—Å–∏.

‚Ä¢–ù–∞—à–∏ —Å–æ—Ü–∏–∞–ª—å–Ω—ã–µ —Å–µ—Ç–∏‚Ä¢
üì§–¢–µ–ª–µ–≥—Ä–∞–º https://t.me/novokuybishevsk

üì§–í–ö–æ–Ω—Ç–∞–∫—Ç–µ https://vk.com/vestinsk

#–ù–æ–≤–æ–∫—É–π–±—ã—à–µ–≤—Å–∫ #–ù–æ–≤–æ—Å—Ç–∏–ù–æ–≤–æ–∫—É–π–±—ã—à–µ–≤—Å–∫–∞ #–ì–æ—Ä–æ–¥ #Nsk #Novokuibyshevsk #–†–æ—Å—Å–∏—è #–°–∞–º–∞—Ä–∞",1703080802
29,vestinsk,"–ò–ù–í–ï–°–¢–°–û–í–ï–¢

–°–µ–≥–æ–¥–Ω—è –∏.–æ. –≥–ª–∞–≤—ã –í–ª–∞–¥–∏–º–∏—Ä –ù–∏–∫–µ—Ä—è—Å–æ–≤ –ø—Ä–æ–≤–µ–ª –ø–æ—Å–ª–µ–¥–Ω–µ–µ –≤ —ç—Ç–æ–º –≥–æ–¥—É –∑–∞—Å–µ–¥–∞–Ω–∏–µ –∏–Ω–≤–µ—Å—Ç–∏—Ü–∏–æ–Ω–Ω–æ–≥–æ —Å–æ–≤–µ—Ç–∞, –Ω–∞ –∫–æ—Ç–æ—Ä–æ–º –ø–æ–¥–≤–µ–ª–∏ –∏—Ç–æ–≥–∏ 2023 –≥–æ–¥–∞.

–í –¥–µ–∫–∞–±—Ä–µ –µ—â—ë —É—Å–ø–µ—é—Ç —É—Å—Ç–∞–Ω–æ–≤–∏—Ç—å –ø–∞–º—è—Ç–Ω–∏–∫ –∂–µ—Ä—Ç–≤–∞–º —Ä–∞–¥–∏–∞—Ü–∏–æ–Ω–Ω—ã—Ö –∫–∞—Ç–∞—Å—Ç—Ä–æ—Ñ, —Ç–æ—Ä–∂–µ—Å—Ç–≤–µ–Ω–Ω–æ –æ—Ç–∫—Ä—ã—Ç—å –ø–æ—Å–ª–µ —Ä–µ–º–æ–Ω—Ç–∞  –î–µ—Ç—Å–∫—É—é –±–∏–±–ª–∏–æ—Ç–µ–∫—É ""–ù–æ–≤–æ–∫—É–±–∏–∫"" –∏ –º—É–∑–µ–π –∏—Å—Ç–æ—Ä–∏–∏ –≥–æ—Ä–æ–¥–∞.

‚Ä¢–ù–∞—à–∏ —Å–æ—Ü–∏–∞–ª—å–Ω—ã–µ —Å–µ—Ç–∏‚Ä¢
üì§–¢–µ–ª–µ–≥—Ä–∞–º https://t.me/novokuybishevsk

üì§–í–ö–æ–Ω—Ç–∞–∫—Ç–µ https://vk.com/vestinsk

#–ù–æ–≤–æ–∫—É–π–±—ã—à–µ–≤—Å–∫ #–ù–æ–≤–æ—Å—Ç–∏–ù–æ–≤–æ–∫—É–π–±—ã—à–µ–≤—Å–∫–∞ #–ì–æ—Ä–æ–¥ #Nsk #Novokuibyshevsk #–†–æ—Å—Å–∏—è #–°–∞–º–∞—Ä–∞",1703079000
30,vestinsk,"–û—Ç –§–ì–ë–£ ¬´–ü—Ä–∏–≤–æ–ª–∂—Å–∫–æ–µ –£–ì–ú–°¬ª –ø–æ–ª—É—á–µ–Ω–∞ –∫–æ–Ω—Å—É–ª—å—Ç–∞—Ü–∏—è: ¬´–û–±—ä—è–≤–ª–µ–Ω –∂–µ–ª—Ç—ã–π —É—Ä–æ–≤–µ–Ω—å –æ–ø–∞—Å–Ω–æ—Å—Ç–∏.

–ù–æ—á—å—é –∏ –¥–Ω–µ–º 21.12.2023 –º–µ—Å—Ç–∞–º–∏ –≤ –°–∞–º–∞—Ä—Å–∫–æ–π –æ–±–ª–∞—Å—Ç–∏ —Å–æ—Ö—Ä–∞–Ω–∏—Ç—Å—è —é–≥–æ-–∑–∞–ø–∞–¥–Ω—ã–π –≤–µ—Ç–µ—Ä, –ø–æ—Ä—ã–≤—ã 15-20 –º/—Å, –º–µ—Å—Ç–∞–º–∏ –≥–æ–ª–æ–ª–µ–¥, –Ω–∞–ª–∏–ø–∞–Ω–∏–µ –º–æ–∫—Ä–æ–≥–æ —Å–Ω–µ–≥–∞, –Ω–∞ –¥–æ—Ä–æ–≥–∞—Ö –º–µ—Å—Ç–∞–º–∏ –≥–æ–ª–æ–ª–µ–¥–∏—Ü–∞.

–ë—É–¥—å—Ç–µ –æ—Å—Ç–æ—Ä–æ–∂–Ω—ã

‚Ä¢–ù–∞—à–∏ —Å–æ—Ü–∏–∞–ª—å–Ω—ã–µ —Å–µ—Ç–∏‚Ä¢
üì§–¢–µ–ª–µ–≥—Ä–∞–º https://t.me/novokuybishevsk

üì§–í–ö–æ–Ω—Ç–∞–∫—Ç–µ https://vk.com/vestinsk

#–ù–æ–≤–æ–∫—É–π–±—ã—à–µ–≤—Å–∫ #–ù–æ–≤–æ—Å—Ç–∏–ù–æ–≤–æ–∫—É–π–±—ã—à–µ–≤—Å–∫–∞ #–ì–æ—Ä–æ–¥ #Nsk #Novokuibyshevsk #–†–æ—Å—Å–∏—è #–°–∞–º–∞—Ä–∞",1703077202
31,vestinsk,"–ù–û–í–´–ï –û–ö–ù–ê –ö –ù–û–í–û–ú–£ –ì–û–î–£.

–í–æ –≤—Ç–æ—Ä–æ–º –∫–æ—Ä–ø—É—Å–µ –¥–µ—Ç—Å–∫–æ–≥–æ —Å–∞–¥–∞ ""–Ø–≥–æ–¥–∫–∞"" –ø–æ —É–ª.–ö–æ–º–º—É–Ω–∏—Å—Ç–∏—á–µ—Å–∫–æ–π, 42–ë —Ä–∞–±–æ—Ç–∞—é—Ç –±—Ä–∏–≥–∞–¥—ã –ø—Ä–µ–¥–ø—Ä–∏—è—Ç–∏—è ""–¶–µ–Ω—Ç—Ä-–°–µ—Ä–≤–∏—Å"".

–í–ø–µ—Ä–≤—ã–µ —Å –º–æ–º–µ–Ω—Ç–∞ –æ—Ç–∫—Ä—ã—Ç–∏—è –∑–¥–∞–Ω–∏—è –≤ 1956  –≥–æ–¥—É –ø—Ä–æ–≤–æ–¥–∏—Ç—Å—è –∑–∞–º–µ–Ω–∞ –æ–∫–æ–Ω. –ù–∞ –ø–µ—Ä–≤–æ–º —ç—Ç–∞–∂–µ –¥–µ—Ç—Å–∫–æ–≥–æ —Å–∞–¥–∞ —Å–æ–≤—Ä–µ–º–µ–Ω–Ω—ã–µ –æ–∫–Ω–∞ —É—Å—Ç–∞–Ω–æ–≤–∏–ª–∏ –µ—â—ë –≤ 2010. –°–µ–π—á–∞—Å –±–ª–∞–≥–æ–¥–∞—Ä—è —ç–∫–æ–Ω–æ–º–∏–∏ —Å—Ä–µ–¥—Å—Ç–≤ –≥–æ—Ä–æ–¥—Å–∫–∏–º –≤–ª–∞—Å—Ç—è–º  —É–¥–∞–ª–æ—Å—å –Ω–∞–≤–µ—Å—Ç–∏ –ø–æ—Ä—è–¥–æ–∫ –µ—â—ë –≤ –¥–≤—É—Ö –≥—Ä—É–ø–ø–∞—Ö, –º–µ–¥–∏—Ü–∏–Ω—Å–∫–æ–º –∫–∞–±–∏–Ω–µ—Ç–µ, —Ç–µ—Ö–Ω–∏—á–µ—Å–∫–∏—Ö –ø–æ–º–µ—â–µ–Ω–∏—è—Ö. 

–ö—Ä–æ–º–µ 22 –æ–∫–æ–Ω –ø–ª–∞–Ω–∏—Ä—É–µ—Ç—Å—è –∑–∞–º–µ–Ω–∞ –ø–æ–∂–∞—Ä–Ω—ã—Ö –≤—ã—Ö–æ–¥–æ–≤. –í–æ—Å–ø–∏—Ç–∞–Ω–Ω–∏–∫–∏ –ø–æ–∫–∞ –Ω–∞—Ö–æ–¥—è—Ç—Å—è –≤ –¥–µ—Ç—Å–∫–∏—Ö —Å–∞–¥–∞—Ö ""–í–∞—Å–∏–ª—ë–∫"" –∏ ""–°–∫–∞–∑–∫–∞"".

‚Ä¢–ù–∞—à–∏ —Å–æ—Ü–∏–∞–ª—å–Ω—ã–µ —Å–µ—Ç–∏‚Ä¢
üì§–¢–µ–ª–µ–≥—Ä–∞–º https://t.me/novokuybishevsk

üì§–í–ö–æ–Ω—Ç–∞–∫—Ç–µ https://vk.com/vestinsk

#–ù–æ–≤–æ–∫—É–π–±—ã—à–µ–≤—Å–∫ #–ù–æ–≤–æ—Å—Ç–∏–ù–æ–≤–æ–∫—É–π–±—ã—à–µ–≤—Å–∫–∞ #–ì–æ—Ä–æ–¥ #Nsk #Novokuibyshevsk #–†–æ—Å—Å–∏—è #–°–∞–º–∞—Ä–∞",1703075174
32,vestinsk,"–í –ù–æ–≤–æ–∫—É–π–±—ã—à–µ–≤—Å–∫–µ –≤ –ø–æ—Å–µ–ª–∫–µ –õ–∏–ø—è–≥–∏ –∑–∞–∫—Ä—ã–ª–∏ –ø–æ—Å–ª–µ–¥–Ω–∏–π –§–ê–ü

–§–µ–ª—å–¥—à–µ—Ä—Å–∫–æ-–∞–∫—É—à–µ—Ä—Å–∫–∏–π –ø—É–Ω–∫—Ç –±—ã–ª –∑–∞–∫—Ä—ã—Ç –µ—â–µ –≤ –∫–æ–Ω—Ü–µ –æ–∫—Ç—è–±—Ä—è, –Ω–æ –∂–∏—Ç–µ–ª–∏ –ø–æ—Å–µ–ª–∫–∞ —Ç—Ä–µ–±—É—é—Ç –µ–≥–æ —Å–æ—Ö—Ä–∞–Ω–µ–Ω–∏—è, —Å–æ–±—Ä–∞–ª–∏ –ø–æ–¥–ø–∏—Å–∏ –∏ –æ–±—Ä–∞—Ç–∏–ª–∏—Å—å –∫ –ì—É–±–µ—Ä–Ω–∞—Ç–æ—Ä—É

–î–≤–µ—Ä–∏ –µ–¥–∏–Ω—Å—Ç–≤–µ–Ω–Ω–æ–≥–æ –§–ê–ü–∞ –≤ –ø–æ—Å–µ–ª–∫–µ –∑–∞–∫—Ä—ã—Ç—ã —É–∂–µ –Ω–µ—Å–∫–æ–ª—å–∫–æ –Ω–µ–¥–µ–ª—å, —á—Ç–æ —Å–æ–∑–¥–∞–µ—Ç –ø—Ä–æ–±–ª–µ–º—ã –º–Ω–æ–≥–∏–º –≤ –ø–µ—Ä–≤—É—é –æ—á–µ—Ä–µ–¥—å –ø–æ–∂–∏–ª—ã–º –∂–∏—Ç–µ–ª—è–º –ø–æ—Å–µ–ª–∫–∞. –ó–∞–∫—Ä—ã–ª–∏ –µ–≥–æ –ø–æ —Ç—Ä–µ–±–æ–≤–∞–Ω–∏—é –†–æ—Å–ø–æ—Ç—Ä–µ–±–Ω–∞–¥–∑–æ—Ä–∞, –¥–∞ –∏ –Ω–µ —É–¥–∏–≤–∏—Ç–µ–ª—å–Ω–æ - –≤ –ø–æ–º–µ—â–µ–Ω–∏–∏ –Ω–µ—Ç –¥–∞–∂–µ –≤–æ–¥—ã, —Ç—Ä–µ–±—É–µ—Ç—Å—è –º–æ–¥–µ—Ä–Ω–∏–∑–∞—Ü–∏—è. –ñ–∏—Ç–µ–ª–∏ —Å–æ–±—Ä–∞–ª–∏ 250 –ø–æ–¥–ø–∏—Å–µ–π –∑–∞ –≤–æ–∑—Ä–æ–∂–¥–µ–Ω–∏–µ –§–ê–ü–∞, –Ω–æ –ø–æ–∫–∞ –æ–Ω –æ—Å—Ç–∞–µ—Ç—Å—è –∑–∞–∫—Ä—ã—Ç.

- –ñ–∏—Ç–µ–ª–∏ –ø–æ—Å—ë–ª–∫–∞ –Ω–µ –º–æ–≥—É—Ç –æ–±—Ö–æ–¥–∏—Ç—å—Å—è –±–µ–∑ –∑–¥—Ä–∞–≤–ø—É–Ω–∫—Ç–∞, - –Ω–∞–ø–∏—Å–∞–ª–∞ –∂–∏—Ç–µ–ª—å–Ω–∏—Ü–∞ –ø–æ—Å–µ–ª–∫–∞ –û–ª–µ—Å—è –ì–∞–π–Ω—É–ª–ª–∏–Ω–∞ –≤ —Å–≤–æ–µ–º –æ–±—Ä–∞—â–µ–Ω–∏–∏ –∫ –≥–ª–∞–≤–µ —Ä–µ–≥–∏–æ–Ω–∞, - –ö –Ω–∞–º —Ç—Ä–∞–Ω—Å–ø–æ—Ä—Ç —Ö–æ–¥–∏—Ç –Ω–µ —á–∞—Å—Ç–æ. –ò –¥–æ–±–∏—Ä–∞—Ç—å—Å—è –≤ –≥–æ—Ä–æ–¥, –≤ –ø–æ–ª–∏–∫–ª–∏–Ω–∏–∫—É –Ω–µ —É–¥–æ–±–Ω–æ, –æ—Å–æ–±–µ–Ω–Ω–æ –ø–æ–∂–∏–ª—ã–º –ª—é–¥—è–º. –ê –∏—Ö –≤ –ø–æ—Å—ë–ª–∫–µ –Ω–µ –º–∞–ª–æ.–£ –Ω–∞–º –≤ –º–µ–¥–ø—É–Ω–∫—Ç–µ –ø—Ä–æ–≤–æ–¥–∏–ª–æ—Å—å: –ø—Ä–∏—ë–º —Ç–µ—Ä–∞–ø–µ–≤—Ç–∞, –≠–ö–ì, —Å–±–æ—Ä –∞–Ω–∞–ª–∏–∑–æ–≤, —Ä–∞–±–æ—Ç–∞–ª –ø—Ä–æ—Ü–µ–¥—É—Ä–Ω—ã–π –∫–∞–±–∏–Ω–µ—Ç, –ø—Ä–æ–≤–æ–¥–∏–ª–∞—Å—å –≤–∞–∫—Ü–∏–Ω–∞—Ü–∏—è. –ü—Ä–æ—Å–∏–º –æ–∫–∞–∑–∞—Ç—å —Å–æ–¥–µ–π—Å—Ç–≤–∏–µ –≤ —Ä–µ—à–µ–Ω–∏–∏ –Ω–∞—à–µ–π –ø—Ä–æ–±–ª–µ–º—ã. –ü—Ä–æ—Å–∏–º —á—Ç–æ–±—ã –Ω–∞–º –æ—Å—Ç–∞–≤–∏–ª–∏ –º–µ–¥–ø—É–Ω–∫—Ç –≤ –Ω–∞—à–µ–º –ø–æ—Å—ë–ª–∫–µ.

–ö —Å–ª–æ–≤—É, –≤ –ø–æ—Å–µ–ª–∫–µ —Å–µ–≥–æ–¥–Ω—è –ø—Ä–æ–∂–∏–≤–∞–µ—Ç –æ–∫–æ–ª–æ 2000 —á–µ–ª–æ–≤–µ–∫.

‚Ä¢–ù–∞—à–∏ —Å–æ—Ü–∏–∞–ª—å–Ω—ã–µ —Å–µ—Ç–∏‚Ä¢
üì§–¢–µ–ª–µ–≥—Ä–∞–º https://t.me/novokuybishevsk

üì§–í–ö–æ–Ω—Ç–∞–∫—Ç–µ https://vk.com/vestinsk

#–ù–æ–≤–æ–∫—É–π–±—ã—à–µ–≤—Å–∫ #–ù–æ–≤–æ—Å—Ç–∏–ù–æ–≤–æ–∫—É–π–±—ã—à–µ–≤—Å–∫–∞ #–ì–æ—Ä–æ–¥ #Nsk #Novokuibyshevsk #–†–æ—Å—Å–∏—è #–°–∞–º–∞—Ä–∞",1703001602
33,vestinsk,"–£ –∂–∏—Ç–µ–ª—è –ù–æ–≤–æ–∫—É–π–±—ã—à–µ–≤—Å–∫–∞ –∏–∑—ä—è–ª–∏ –∏–Ω–æ–º–∞—Ä–∫—É –∑–∞ –¥–æ–ª–≥–∏ –ø–æ –∞–ª–∏–º–µ–Ω—Ç–∞–º

–ü–æ —Ä–µ—à–µ–Ω–∏—é —Å—É–¥–∞ 42-–ª–µ—Ç–Ω–∏–π –º–µ—Å—Ç–Ω—ã–π –∂–∏—Ç–µ–ª—å –æ–±—è–∑–∞–Ω –±—ã–ª –µ–∂–µ–º–µ—Å—è—á–Ω–æ –ø–µ—Ä–µ—á–∏—Å–ª—è—Ç—å —á–∞—Å—Ç—å –¥–æ—Ö–æ–¥–∞ –Ω–∞ —Å–æ–¥–µ—Ä–∂–∞–Ω–∏–µ —Å–≤–æ–µ–≥–æ —Ä–µ–±–µ–Ω–∫–∞. –ú—É–∂—á–∏–Ω–∞ –æ—Ç —É–ø–ª–∞—Ç—ã –∞–ª–∏–º–µ–Ω—Ç–æ–≤ —É–∫–ª–æ–Ω—è–ª—Å—è –∏ –Ω–∞–∫–æ–ø–∏–ª –¥–æ–ª–≥ –≤ 370 —Ç—ã—Å—è—á —Ä—É–±–ª–µ–π. 

–í –æ—Ç–¥–µ–ª–µ–Ω–∏–∏ —Å—É–¥–µ–±–Ω—ã—Ö –ø—Ä–∏—Å—Ç–∞–≤–æ–≤ –ù–æ–≤–æ–∫—É–π–±—ã—à–µ–≤—Å–∫–∞ –≤ –æ—Ç–Ω–æ—à–µ–Ω–∏–∏ –Ω–µ–≥–æ –≤–æ–∑–±—É–¥–∏–ª–∏ –∏—Å–ø–æ–ª–Ω–∏—Ç–µ–ª—å–Ω–æ–µ –ø—Ä–æ–∏–∑–≤–æ–¥—Å—Ç–≤–æ. –°–æ—Ç—Ä—É–¥–Ω–∏–∫–∏ —É—Å—Ç–∞–Ω–æ–≤–∏–ª–∏, —á—Ç–æ –º—É–∂—á–∏–Ω–∞ —è–≤–ª—è–µ—Ç—Å—è –≤–ª–∞–¥–µ–ª—å—Ü–µ–º –∞–≤—Ç–æ–º–æ–±–∏–ª—è ¬´KIA¬ª. 

–ü—Ä–∏—Å—Ç–∞–≤—ã –≤—ã—è—Å–Ω–∏–ª–∏, –≤–æ —Å–∫–æ–ª—å–∫–æ –¥–æ–ª–∂–Ω–∏–∫ –≤–æ–∑–≤—Ä–∞—â–∞–µ—Ç—Å—è –¥–æ–º–æ–π –∏ –≥–¥–µ –ø–∞—Ä–∫—É–µ—Ç –∞–≤—Ç–æ–º–æ–±–∏–ª—å, –∏ —Å—Ç–∞–ª–∏ –∂–¥–∞—Ç—å –æ—á–µ—Ä–µ–¥–Ω–æ–≥–æ –µ–≥–æ –≤–æ–∑–≤—Ä–∞—â–µ–Ω–∏—è. 
 
–ü—Ä–∏–µ—Ö–∞–≤ –¥–æ–º–æ–π, –¥–æ–ª–∂–Ω–∏–∫ –ø–æ—Å—Ç–∞–≤–∏–ª —Å–≤–æ–π –∞–≤—Ç–æ–º–æ–±–∏–ª—å –Ω–∞ –ø—Ä–∏–≤—ã—á–Ω–æ–µ –º–µ—Å—Ç–æ, –≥–¥–µ –µ–≥–æ –∏ –∂–¥–∞–ª–∏ —Å–æ—Ç—Ä—É–¥–Ω–∏–∫–∏. –ë—ã–ª —Å–æ—Å—Ç–∞–≤–ª–µ–Ω –∞–∫—Ç –æ–ø–∏—Å–∏ –∏ –∞—Ä–µ—Å—Ç–∞ –∏–Ω–æ–º–∞—Ä–∫–∏. –ü–æ—Å–ª–µ —ç—Ç–æ–≥–æ —Ç—Ä–∞–Ω—Å–ø–æ—Ä—Ç–Ω–æ–µ —Å—Ä–µ–¥—Å—Ç–≤–æ –ø–µ—Ä–µ–¥–∞–ª–∏ –Ω–∞ –æ—Ç–≤–µ—Ç—Å—Ç–≤–µ–Ω–Ω–æ–µ —Ö—Ä–∞–Ω–µ–Ω–∏–µ. 
 
–¢–µ–ø–µ—Ä—å –¥–æ–ª–∂–Ω–∏–∫—É –ø—Ä–µ–¥—Å—Ç–æ–∏—Ç –ø–æ–≥–∞—Å–∏—Ç—å –∑–∞–¥–æ–ª–∂–µ–Ω–Ω–æ—Å—Ç—å –ø–µ—Ä–µ–¥ —Ä–µ–±–µ–Ω–∫–æ–º –∏–ª–∏ —Ä–∞—Å—Å—Ç–∞—Ç—å—Å—è —Å –∞–≤—Ç–æ–º–æ–±–∏–ª–µ–º, –∫–æ—Ç–æ—Ä—ã–π, –≤ —Å–ª—É—á–∞–µ –Ω–µ–ø–æ–≥–∞—à–µ–Ω–∏—è –∑–∞–¥–æ–ª–∂–µ–Ω–Ω–æ—Å—Ç–∏, –±—É–¥–µ—Ç –ø–µ—Ä–µ–¥–∞–Ω –Ω–∞ –ø—Ä–æ–¥–∞–∂—É.

‚Ä¢–ù–∞—à–∏ —Å–æ—Ü–∏–∞–ª—å–Ω—ã–µ —Å–µ—Ç–∏‚Ä¢
üì§–¢–µ–ª–µ–≥—Ä–∞–º https://t.me/novokuybishevsk

üì§–í–ö–æ–Ω—Ç–∞–∫—Ç–µ https://vk.com/vestinsk

#–ù–æ–≤–æ–∫—É–π–±—ã—à–µ–≤—Å–∫ #–ù–æ–≤–æ—Å—Ç–∏–ù–æ–≤–æ–∫—É–π–±—ã—à–µ–≤—Å–∫–∞ #–ì–æ—Ä–æ–¥ #Nsk #Novokuibyshevsk #–†–æ—Å—Å–∏—è #–°–∞–º–∞—Ä–∞",1702999219
34,vestinsk,"–ü—Ä–∏–Ω—Ü –∑–∞–º–µ—Ä–∑ –∂–¥–∞—Ç—å —Å–≤–æ—é –∑–æ–ª—É—à–∫—É

‚Ä¢–ù–∞—à–∏ —Å–æ—Ü–∏–∞–ª—å–Ω—ã–µ —Å–µ—Ç–∏‚Ä¢
üì§–¢–µ–ª–µ–≥—Ä–∞–º https://t.me/novokuybishevsk

üì§–í–ö–æ–Ω—Ç–∞–∫—Ç–µ https://vk.com/vestinsk

#–ù–æ–≤–æ–∫—É–π–±—ã—à–µ–≤—Å–∫ #–ù–æ–≤–æ—Å—Ç–∏–ù–æ–≤–æ–∫—É–π–±—ã—à–µ–≤—Å–∫–∞ #–ì–æ—Ä–æ–¥ #Nsk #Novokuibyshevsk #–†–æ—Å—Å–∏—è #–°–∞–º–∞—Ä–∞",1702996069
35,vestinsk,,1702989000
36,vestinsk,"–í–æ—Ç —Ç–∞–∫–∞—è —Å–Ω–µ–∂–Ω–∞—è —Ñ–∏–≥—É—Ä–∞ –æ–±–Ω–∞—Ä—É–∂–µ–Ω–∞ –≤ –†—É—Å—Å–∫–∏—Ö –õ–∏–ø—è–≥–∞—Ö. –ö–∞–∫ –Ω–∞–∑–æ–≤–µ–º?)))

‚Ä¢–ù–∞—à–∏ —Å–æ—Ü–∏–∞–ª—å–Ω—ã–µ —Å–µ—Ç–∏‚Ä¢
üì§–¢–µ–ª–µ–≥—Ä–∞–º https://t.me/novokuybishevsk

üì§–í–ö–æ–Ω—Ç–∞–∫—Ç–µ https://vk.com/vestinsk

#–ù–æ–≤–æ–∫—É–π–±—ã—à–µ–≤—Å–∫ #–ù–æ–≤–æ—Å—Ç–∏–ù–æ–≤–æ–∫—É–π–±—ã—à–µ–≤—Å–∫–∞ #–ì–æ—Ä–æ–¥ #Nsk #Novokuibyshevsk #–†–æ—Å—Å–∏—è #–°–∞–º–∞—Ä–∞",1702986600
37,vestinsk,"–ö–∞–¥—Ä—ã –∏–∑ –∫–∏–Ω–æ—Ö—Ä–æ–Ω–∏–∫–∏

‚Ä¢–ù–∞—à–∏ —Å–æ—Ü–∏–∞–ª—å–Ω—ã–µ —Å–µ—Ç–∏‚Ä¢
üì§–¢–µ–ª–µ–≥—Ä–∞–º https://t.me/novokuybishevsk

üì§–í–ö–æ–Ω—Ç–∞–∫—Ç–µ https://vk.com/vestinsk

#–ù–æ–≤–æ–∫—É–π–±—ã—à–µ–≤—Å–∫ #–ù–æ–≤–æ—Å—Ç–∏–ù–æ–≤–æ–∫—É–π–±—ã—à–µ–≤—Å–∫–∞ #–ì–æ—Ä–æ–¥ #Nsk #Novokuibyshevsk #–†–æ—Å—Å–∏—è #–°–∞–º–∞—Ä–∞",1702985006
38,vestinsk,"–° 14 –ø–æ 17 –¥–µ–∫–∞–±—Ä—è –≤ –ù–ú–ê–£ ¬´–§–û–ö ¬´–û–ö–¢–ê–ù¬ª –ø—Ä–æ—Ö–æ–¥–∏–ª–∏ —Å–æ—Ä–µ–≤–Ω–æ–≤–∞–Ω–∏—è –°–∞–º–∞—Ä—Å–∫–æ–π –æ–±–ª–∞—Å—Ç–∏ –ø–æ –±–æ–∫—Å—É, –ø–æ—Å–≤—è—â–µ–Ω–Ω—ã–µ –ø–∞–º—è—Ç–∏ –≤–æ–∏–Ω–∞–º-–∑–µ–º–ª—è–∫–∞–º, –ø–∞–≤—à–∏–º –≤ –ª–æ–∫–∞–ª—å–Ω—ã—Ö –≤–æ–π–Ω–∞—Ö –∏ –∫–æ–Ω—Ñ–ª–∏–∫—Ç–∞—Ö –≤ 2023 –≥–æ–¥—É

–û—Ç–∫—Ä—ã–ª —á–µ–º–ø–∏–æ–Ω–∞—Ç - —á–ª–µ–Ω –°–∞–º–∞—Ä—Å–∫–æ–≥–æ —Ä–µ–≥–∏–æ–Ω–∞–ª—å–Ω–æ–≥–æ –æ—Ç–¥–µ–ª–µ–Ω–∏—è –æ–±—â–µ—Ä–æ—Å—Å–∏–π—Å–∫–æ–π –æ–±—â–µ—Å—Ç–≤–µ–Ω–Ω–æ–π –æ—Ä–≥–∞–Ω–∏–∑–∞—Ü–∏–∏ –≤–æ–µ–Ω–Ω—ã—Ö –∏–Ω–≤–∞–ª–∏–¥–æ–≤ ¬´–í–æ–ò–Ω¬ª –°–µ—Ä–≥–µ–π –ê–±—Ä–∞–º–∫–∏–Ω.

–ë–æ–ª–µ–µ 150 —Å–ø–æ—Ä—Ç—Å–º–µ–Ω–æ–≤ –ø—Ä–æ–≤–µ—Ä–∏–ª–∏ —Å–≤–æ–∏ —Å–∏–ª—ã –Ω–∞ –±–æ–∫—Å–µ—Ä—Å–∫–æ–º —Ä–∏–Ω–≥–µ, –¥–µ–º–æ–Ω—Å—Ç—Ä–∏—Ä—É—è –º–∞—Å—Ç–µ—Ä—Å—Ç–≤–æ, —Ç–∞–∫—Ç–∏–∫—É, –ø—Å–∏—Ö–æ–ª–æ–≥–∏—á–µ—Å–∫—É—é —É—Å—Ç–æ–π—á–∏–≤–æ—Å—Ç—å –∏ —É–º–µ–Ω–∏–µ –¥–µ—Ä–∂–∞—Ç—å —É–¥–∞—Ä. 10 –≤–æ—Å–ø–∏—Ç–∞–Ω–Ω–∏–∫–æ–≤ —Å–ø–æ—Ä—Ç–∏–≤–Ω–æ–π —à–∫–æ–ª—ã –≥. –ù–æ–≤–æ–∫—É–π–±—ã—à–µ–≤—Å–∫–∞ –ø–æ–¥ —Ä—É–∫–æ–≤–æ–¥—Å—Ç–≤–æ–º —Ç—Ä–µ–Ω–µ—Ä–æ–≤-–ø—Ä–µ–ø–æ–¥–∞–≤–∞—Ç–µ–ª–µ–π:
–î–æ—Ä–æ—Ñ–µ–µ–≤–∞ –û.–í., –ó–¢–† –•–æ—Ä–æ—à–µ–≤–∞ –Æ.–ù. –∏ –ë–æ–≥–∞—Ç—ã—Ä–µ–≤–∞ –ò.–í. –±–æ—Ä–æ–ª–∏—Å—å –∑–∞ –ø—Ä–∏–∑–æ–≤—ã–µ –º–µ—Å—Ç–∞.

–í —Ñ–∏–Ω–∞–ª—å–Ω—ã—Ö –±–æ—è—Ö –≤ —Å–≤–æ–∏—Ö –≤–µ—Å–æ–≤—ã—Ö –∫–∞—Ç–µ–≥–æ—Ä–∏—è—Ö –ª—É—á—à–∏–º–∏ —Å—Ç–∞–ª–∏:
ü•á–º–µ—Å—Ç–æ - –ï–≥–æ—Ä–æ–≤ –î–∞–Ω–∏–∏–ª
ü•à–º–µ—Å—Ç–∞ - –ü–µ—Ç—Ä–æ–≤ –ê–ª–µ–∫—Å–µ–π, –ñ–∞—Ö—å—è–Ω–æ–≤–∞ –î–∞—è–Ω–∞
ü•â–º–µ—Å—Ç–∞ - –°–∏–ª–∞–Ω—Ç—å–µ–≤ –ù–∏–∫–æ–ª–∞–π, –ê–±—Ä–∞–º–æ–≤ –ì–µ–æ—Ä–≥–∏–π, –ö—É—Ä—Å–æ–≤ –ò–≤–∞–Ω, –°—Ç—Ä–µ–ª–∫–æ–≤—Å–∫–∏–π –î–∞–Ω–∏–ª

–ü–æ–∑–¥—Ä–∞–≤–ª—è–µ–º –≤—Å–µ—Ö —Å–ø–æ—Ä—Ç—Å–º–µ–Ω–æ–≤ –∏ —Ç—Ä–µ–Ω–µ—Ä–æ–≤-–ø—Ä–µ–ø–æ–¥–∞–≤–∞—Ç–µ–ª–µ–π –æ—Ç–¥–µ–ª–µ–Ω–∏—è –±–æ–∫—Å–∞ —Å —É—Å–ø–µ—à–Ω—ã–º–∏ –≤—ã—Å—Ç—É–ø–ª–µ–Ω–∏—è–º–∏!

‚Ä¢–ù–∞—à–∏ —Å–æ—Ü–∏–∞–ª—å–Ω—ã–µ —Å–µ—Ç–∏‚Ä¢
üì§–¢–µ–ª–µ–≥—Ä–∞–º https://t.me/novokuybishevsk

üì§–í–ö–æ–Ω—Ç–∞–∫—Ç–µ https://vk.com/vestinsk

#–ù–æ–≤–æ–∫—É–π–±—ã—à–µ–≤—Å–∫ #–ù–æ–≤–æ—Å—Ç–∏–ù–æ–≤–æ–∫—É–π–±—ã—à–µ–≤—Å–∫–∞ #–ì–æ—Ä–æ–¥ #Nsk #Novokuibyshevsk #–†–æ—Å—Å–∏—è #–°–∞–º–∞—Ä–∞",1702983000
39,vestinsk,"–í –ù–æ–≤–æ–∫—É–π–±—ã—à–µ–≤—Å–∫–µ —Å—Ñ–æ—Ä–º–∏—Ä–æ–≤–∞–ª–∏ –æ—á–µ—Ä–µ–¥–Ω–æ–π –≥—É–º–∞–Ω–∏—Ç–∞—Ä–Ω—ã–π –≥—Ä—É–∑

–í —Å–±–æ—Ä–µ –ø—Ä–∏–Ω—è–ª–∏ —É—á–∞—Å—Ç–∏–µ –∂–∏—Ç–µ–ª–∏ –∏ –ø—Ä–µ–¥–ø—Ä–∏—è—Ç–∏—è –í–æ–ª–∂—Å–∫–æ–≥–æ –∏ –ù–µ—Ñ—Ç–µ–≥–æ—Ä—Å–∫–æ–≥–æ —Ä–∞–π–æ–Ω–æ–≤, –¢–æ–ª—å—è—Ç—Ç–∏, –ù–æ–≤–æ–∫—É–π–±—ã—à–µ–≤—Å–∫–∞.
–í—Å–µ–º —Å–µ–ª–æ–º –ü–∞—Ä—Ñ—ë–Ω–æ–≤–∫–∞ –∏–∑ –ö–∏–Ω–µ–ª—å—Å–∫–æ–≥–æ —Ä–∞–π–æ–Ω–∞ –Ω–µ—Ä–∞–≤–Ω–æ–¥—É—à–Ω—ã–µ –∑–µ–º–ª—è–∫–∏ —Å–ª–æ–∂–∏–ª–∏—Å—å –∏ –ø–µ—Ä–µ–¥–∞–ª–∏ –Ω–∞—à–∏–º –ø–∞—Ä–Ω—è–º –£–ê–ó.

–í —ç—Ç–æ—Ç —Ä–∞–∑ –±–æ–ª—å—à–æ–π —É–ø–æ—Ä –Ω–∞ —Å—Ä–µ–¥—Å—Ç–≤–∞ –±–æ–µ–≤–æ–≥–æ –Ω–∞–∑–Ω–∞—á–µ–Ω–∏—è. –ë–æ–ª—å—à–∞—è –ø–∞—Ä—Ç–∏—è –∫–æ—Ä–æ–±–æ–∫ –ø—Ä–µ–¥–Ω–∞–∑–Ω–∞—á–µ–Ω–∞ –∏ –¥–ª—è –≥–æ—Å–ø–∏—Ç–∞–ª—è –≤ –õ—É–≥–∞–Ω—Å–∫–µ. –ò –∫–æ–Ω–µ—á–Ω–æ, –ø–æ—Å—ã–ª–∫–∏ –¥–ª—è –Ω–∞—à–∏—Ö –≥–µ—Ä–æ–µ–≤ –∏ –ø—Ä–∏—è—Ç–Ω—ã–µ –≤–µ—Å—Ç–æ—á–∫–∏ –æ—Ç —Å–∞–º—ã—Ö –º–∞–ª–µ–Ω—å–∫–∏—Ö –∂–∏—Ç–µ–ª–µ–π –°–∞–º–∞—Ä—Å–∫–æ–π –≥—É–±–µ—Ä–Ω–∏–∏. –¢–µ–ø–ª–æ –∑–∞–±–æ—Ç–∞, –ø–æ–¥–¥–µ—Ä–∂–∫–∞, –ª—é–±–æ–≤—å –∏–∑ —Ä–æ–¥–Ω–æ–≥–æ –¥–æ–º–∞ - –ª—É—á—à–∏–π –ø–æ–¥–∞—Ä–æ–∫ –∫ –ù–æ–≤–æ–º—É –≥–æ–¥—É.

‚Ä¢–ù–∞—à–∏ —Å–æ—Ü–∏–∞–ª—å–Ω—ã–µ —Å–µ—Ç–∏‚Ä¢
üì§–¢–µ–ª–µ–≥—Ä–∞–º https://t.me/novokuybishevsk

üì§–í–ö–æ–Ω—Ç–∞–∫—Ç–µ https://vk.com/vestinsk

#–ù–æ–≤–æ–∫—É–π–±—ã—à–µ–≤—Å–∫ #–ù–æ–≤–æ—Å—Ç–∏–ù–æ–≤–æ–∫—É–π–±—ã—à–µ–≤—Å–∫–∞ #–ì–æ—Ä–æ–¥ #Nsk #Novokuibyshevsk #–†–æ—Å—Å–∏—è #–°–∞–º–∞—Ä–∞",1702981206
40,vestinsk,"14 –¥–µ–∫–∞–±—Ä—è —é–Ω—ã–µ –≥–∏–º–Ω–∞—Å—Ç–∫–∏ —Å—Ç—É–¥–∏–∏ ¬´–ü–∏—Ä—É—ç—Ç¬ª –ø—Ä–∏–Ω—è–ª–∏ —É—á–∞—Å—Ç–∏–µ –≤ –æ—Ç–∫—Ä—ã—Ç–æ–º —Ç—É—Ä–Ω–∏—Ä–µ –≥.–æ. –°–∞–º–∞—Ä–∞ ¬´–°–Ω–µ–∂–∏–Ω–∫–∞-2023 ¬ª –ø–æ —Ö—É–¥–æ–∂–µ—Å—Ç–≤–µ–Ω–Ω–æ–π –≥–∏–º–Ω–∞—Å—Ç–∏–∫–µ. –í –∫–æ–Ω–∫—É—Ä–µ–Ω—Ç–Ω–æ–π –±–æ—Ä—å–±–µ –Ω–∞—à–∏ –≥–∏–º–Ω–∞—Å—Ç–∫–∏ –ø–æ–∫–∞–∑–∞–ª–∏ –≤—ã—Å–æ–∫–∏–µ —Ä–µ–∑—É–ª—å—Ç–∞—Ç—ã:

ü•á–ö–æ–º–∞–Ω–¥–∞ ¬´–†–æ–≤–µ—Å–Ω–∏–∫–∏¬ª - 1 –º–µ—Å—Ç–æ –ø–æ –ø—Ä–æ–≥—Ä–∞–º–º–µ 1 –≤–∑—Ä–æ—Å–ª–æ–≥–æ —Ä–∞–∑—Ä—è–¥–∞

ü•à –ö–æ–º–∞–Ω–¥–∞ ¬´–í–æ–ª–Ω–∞¬ª - 2 –º–µ—Å—Ç–æ –ø–æ –ø—Ä–æ–≥—Ä–∞–º–º–µ 3 –≤–∑—Ä–æ—Å–ª–æ–≥–æ —Ä–∞–∑—Ä—è–¥–∞

ü•à –ö–æ–º–∞–Ω–¥–∞ ¬´–¢–æ–Ω—É—Å¬ª - 2 –º–µ—Å—Ç–æ –ø–æ –ø—Ä–æ–≥—Ä–∞–º–º–µ 2 —é–Ω–æ—à–µ—Å–∫–æ–≥–æ —Ä–∞–∑—Ä—è–¥–∞

ü•â –ö–æ–º–∞–Ω–¥–∞ ¬´–í–µ—Ä–Ω–∏—Å–∞–∂¬ª - 3 –º–µ—Å—Ç–æ –ø–æ –ø—Ä–æ–≥—Ä–∞–º–º–µ –ö–ú–°

üëè¬†–û—Ç –≤—Å–µ–π –¥—É—à–∏ –ø–æ–∑–¥—Ä–∞–≤–ª—è–µ–º –∏ –∂–µ–ª–∞–µ–º –Ω–æ–≤—ã—Ö –ø–æ–±–µ–¥! üèÜ

‚Ä¢–ù–∞—à–∏ —Å–æ—Ü–∏–∞–ª—å–Ω—ã–µ —Å–µ—Ç–∏‚Ä¢
üì§–¢–µ–ª–µ–≥—Ä–∞–º https://t.me/novokuybishevsk

üì§–í–ö–æ–Ω—Ç–∞–∫—Ç–µ https://vk.com/vestinsk

#–ù–æ–≤–æ–∫—É–π–±—ã—à–µ–≤—Å–∫ #–ù–æ–≤–æ—Å—Ç–∏–ù–æ–≤–æ–∫—É–π–±—ã—à–µ–≤—Å–∫–∞ #–ì–æ—Ä–æ–¥ #Nsk #Novokuibyshevsk #–†–æ—Å—Å–∏—è #–°–∞–º–∞—Ä–∞",1702979421
41,vestinsk,"–î–æ–±—Ä—ã—Ö —Å–Ω–æ–≤, –¥—Ä—É–∑—å—è ü§ç

‚Ä¢–ù–∞—à–∏ —Å–æ—Ü–∏–∞–ª—å–Ω—ã–µ —Å–µ—Ç–∏‚Ä¢
üì§–¢–µ–ª–µ–≥—Ä–∞–º https://t.me/novokuybishevsk

üì§–í–ö–æ–Ω—Ç–∞–∫—Ç–µ https://vk.com/vestinsk

#–ù–æ–≤–æ–∫—É–π–±—ã—à–µ–≤—Å–∫ #–ù–æ–≤–æ—Å—Ç–∏–ù–æ–≤–æ–∫—É–π–±—ã—à–µ–≤—Å–∫–∞ #–ì–æ—Ä–æ–¥ #Nsk #Novokuibyshevsk #–†–æ—Å—Å–∏—è #–°–∞–º–∞—Ä–∞",1702927800
42,vestinsk,"–£–±–æ—Ä–∫–∞ —Å–Ω–µ–≥–∞ –Ω–∞ –≤—ã—Å–æ—Ç–µ. –û—Å—Ç–∞–≤–∏–ª–∏ –ø–æ–ª—É–º–µ—Ç—Ä–æ–≤—ã–π –≤–∞–ª –≤ —Å–∞–º–æ–π —Å–µ—Ä–µ–¥–∏–Ω–µ –ú–∏—Ä–æ–Ω–æ–≤–∞ –∏ –ø—Ä–∏—Å—ã–ø–∞–ª–∏ –µ–≥–æ –ø–µ—Å–∫–æ–º. –ë—Ä–∞–≤–æ!üëè

‚Ä¢–ù–∞—à–∏ —Å–æ—Ü–∏–∞–ª—å–Ω—ã–µ —Å–µ—Ç–∏‚Ä¢
üì§–¢–µ–ª–µ–≥—Ä–∞–º https://t.me/novokuybishevsk

üì§–í–ö–æ–Ω—Ç–∞–∫—Ç–µ https://vk.com/vestinsk

#–ù–æ–≤–æ–∫—É–π–±—ã—à–µ–≤—Å–∫ #–ù–æ–≤–æ—Å—Ç–∏–ù–æ–≤–æ–∫—É–π–±—ã—à–µ–≤—Å–∫–∞ #–ì–æ—Ä–æ–¥ #Nsk #Novokuibyshevsk #–†–æ—Å—Å–∏—è #–°–∞–º–∞—Ä–∞",1702925577
43,vestinsk,"–í –ù–æ–≤–æ–∫—É–π–±—ã—à–µ–≤—Å–∫–µ –ì–ò–ë–î–î –∑–∞–¥–µ—Ä–∂–∞–ª–∏ —Ç—Ä–æ–∏—Ö –ø—å—è–Ω—ã—Ö –≤–æ–¥–∏—Ç–µ–ª–µ–π

–ì–æ—Å–∞–≤—Ç–æ–∏–Ω—Å–ø–µ–∫—Ü–∏—è –≥–æ—Ä–æ–¥—Å–∫–æ–≥–æ –æ–∫—Ä—É–≥–∞ –ù–æ–≤–æ–∫—É–π–±—ã—à–µ–≤—Å–∫ –ø–æ–¥–≤–µ–ª–∞ –∏—Ç–æ–≥–∏ —Ü–µ–ª–µ–Ω–∞–ø—Ä–∞–≤–ª–µ–Ω–Ω—ã—Ö —Ä–µ–π–¥–æ–≤—ã—Ö –º–µ—Ä–æ–ø—Ä–∏—è—Ç–∏–π –∑–∞ –º–∏–Ω—É–≤—à–∏–µ –≤—ã—Ö–æ–¥–Ω—ã–µ. 

–ó–∞ –≤—ã—Ö–æ–¥–Ω—ã–µ –¥–Ω–∏ –≤—ã—è–≤–ª–µ–Ω—ã 3 –≤–æ–¥–∏—Ç–µ–ª—è —Å –ø—Ä–∏–∑–Ω–∞–∫–∞–º–∏ –æ–ø—å—è–Ω–µ–Ω–∏—è. –í–æ–¥–∏—Ç–µ–ª–∏ –æ—Ç—Å—Ç—Ä–∞–Ω–µ–Ω—ã –æ—Ç —É–ø—Ä–∞–≤–ª–µ–Ω–∏—è, —Ç—Ä–∞–Ω—Å–ø–æ—Ä—Ç–Ω—ã–µ —Å—Ä–µ–¥—Å—Ç–≤–∞ –ø–æ–º–µ—â–µ–Ω—ã –Ω–∞ —Å–ø–µ—Ü–∏–∞–ª–∏–∑–∏—Ä–æ–≤–∞–Ω–Ω—É—é —Å—Ç–æ—è–Ω–∫—É.
 
–¢–∞–∫–∂–µ –≤—ã—è–≤–ª–µ–Ω–æ –º–Ω–æ–∂–µ—Å—Ç–≤–æ –∏–Ω—ã—Ö –ø—Ä–∞–≤–æ–Ω–∞—Ä—É—à–µ–Ω–∏–π –≤ –æ–±–ª–∞—Å—Ç–∏ –¥–æ—Ä–æ–∂–Ω–æ–≥–æ –¥–≤–∏–∂–µ–Ω–∏—è: 
- –≤ –æ—Ç–Ω–æ—à–µ–Ω–∏–∏ 12 –≤–æ–¥–∏—Ç–µ–ª–µ–π —Å–æ–±—Ä–∞–Ω—ã –∞–¥–º–∏–Ω–∏—Å—Ç—Ä–∞—Ç–∏–≤–Ω—ã–µ –º–∞—Ç–µ—Ä–∏–∞–ª—ã –∑–∞ –Ω–µ –ø—Ä–∏—Å—Ç—ë–≥–Ω—É—Ç—ã–π —Ä–µ–º–µ–Ω—å –±–µ–∑–æ–ø–∞—Å–Ω–æ—Å—Ç–∏; 
- –≤ –æ—Ç–Ω–æ—à–µ–Ω–∏–∏ 7 –≤–æ–¥–∏—Ç–µ–ª–µ–π —Å–æ–±—Ä–∞–Ω—ã –∞–¥–º–∏–Ω–∏—Å—Ç—Ä–∞—Ç–∏–≤–Ω—ã–µ –º–∞—Ç–µ—Ä–∏–∞–ª—ã –∑–∞ –Ω–µ–∑–∞–∫–æ–Ω–Ω—É—é —Ç–æ–Ω–∏—Ä–æ–≤–∫—É; 
- 9 –≤–æ–¥–∏—Ç–µ–ª–µ–π –Ω–µ –æ–ø–ª–∞—Ç–∏–ª–∏ –∞–¥–º–∏–Ω–∏—Å—Ç—Ä–∞—Ç–∏–≤–Ω—ã–π —à—Ç—Ä–∞—Ñ –≤ —Å—Ä–æ–∫; 
- 16 –≤–æ–¥–∏—Ç–µ–ª–µ–π –Ω–∞—Ä—É—à–∏–ª–∏ —Ç—Ä–µ–±–æ–≤–∞–Ω–∏—è –¥–æ—Ä–æ–∂–Ω—ã—Ö –∑–Ω–∞–∫–æ–≤ –∏–ª–∏ —Ä–∞–∑–º–µ—Ç–∫–∏ –ø—Ä–æ–µ–∑–∂–µ–π —á–∞—Å—Ç–∏ –¥–æ—Ä–æ–≥–∏, –∑–∞–ø—Ä–µ—â–∞—é—â–∏–µ –æ—Å—Ç–∞–Ω–æ–≤–∫—É –∏–ª–∏ —Å—Ç–æ—è–Ω–∫—É —Ç—Ä–∞–Ω—Å–ø–æ—Ä—Ç–Ω—ã—Ö —Å—Ä–µ–¥—Å—Ç–≤; 
- 1 –≤–æ–¥–∏—Ç–µ–ª—è —É–ø—Ä–∞–≤–ª—è–ª–∏ —Ç—Ä–∞–Ω—Å–ø–æ—Ä—Ç–Ω—ã–º–∏ —Å—Ä–µ–¥—Å—Ç–≤–∞–º–∏ –±–µ–∑ —Ç–∞—Ö–æ–≥—Ä–∞—Ñ–∞; 
- 13 –≤–æ–¥–∏—Ç–µ–ª–µ–π –Ω–µ —É—Å—Ç—É–ø–∏–ª–∏ –¥–æ—Ä–æ–≥—É –ø–µ—à–µ—Ö–æ–¥–∞–º; 
- 3 –ø–µ—à–µ—Ö–æ–¥–∞ –ø–µ—Ä–µ—à–ª–∏ –¥–æ—Ä–æ–≥—É –≤ –Ω–µ—É—Å—Ç–∞–Ω–æ–≤–ª–µ–Ω–Ω–æ–º –º–µ—Å—Ç–µ. 
 
–ü–æ–¥–æ–±–Ω—ã–µ –º–µ—Ä–æ–ø—Ä–∏—è—Ç–∏—è –±—É–¥—É—Ç –ø—Ä–æ–¥–æ–ª–∂–µ–Ω—ã. –ï—Å–ª–∏ –≤—ã —Å—Ç–∞–ª–∏ –æ—á–µ–≤–∏–¥—Ü–µ–º –∏–ª–∏ –∏–º–µ–µ—Ç–µ –∏–Ω—Ñ–æ—Ä–º–∞—Ü–∏—é –æ –Ω–∞—Ä—É—à–µ–Ω–∏–∏ –ü–î–î –†–§ –Ω–∞ —Ç–µ—Ä—Ä–∏—Ç–æ—Ä–∏–∏ –≥.–æ. –ù–æ–≤–æ–∫—É–π–±—ã—à–µ–≤—Å–∫, –ø—Ä–æ—Å–∏–º —Å–æ–æ–±—â–∏—Ç—å –ø–æ —Ç–µ–ª–µ—Ñ–æ–Ω—É: 102.

‚Ä¢–ù–∞—à–∏ —Å–æ—Ü–∏–∞–ª—å–Ω—ã–µ —Å–µ—Ç–∏‚Ä¢
üì§–¢–µ–ª–µ–≥—Ä–∞–º https://t.me/novokuybishevsk

üì§–í–ö–æ–Ω—Ç–∞–∫—Ç–µ https://vk.com/vestinsk

#–ù–æ–≤–æ–∫—É–π–±—ã—à–µ–≤—Å–∫ #–ù–æ–≤–æ—Å—Ç–∏–ù–æ–≤–æ–∫—É–π–±—ã—à–µ–≤—Å–∫–∞ #–ì–æ—Ä–æ–¥ #Nsk #Novokuibyshevsk #–†–æ—Å—Å–∏—è #–°–∞–º–∞—Ä–∞",1702923204
44,vestinsk,"–í –æ–¥–Ω–æ–º –∏–∑ –¥–≤–æ—Ä–æ–≤ –ì—Ä–∞–Ω–Ω–æ–≥–æ –ø–æ—è–≤–∏–ª–∏—Å—å –î–µ–¥—É—à–∫–∞ –ú–æ—Ä–æ–∑ –∏ –î—Ä–∞–∫–æ–Ω

‚Ä¢–ù–∞—à–∏ —Å–æ—Ü–∏–∞–ª—å–Ω—ã–µ —Å–µ—Ç–∏‚Ä¢
üì§–¢–µ–ª–µ–≥—Ä–∞–º https://t.me/novokuybishevsk

üì§–í–ö–æ–Ω—Ç–∞–∫—Ç–µ https://vk.com/vestinsk

#–ù–æ–≤–æ–∫—É–π–±—ã—à–µ–≤—Å–∫ #–ù–æ–≤–æ—Å—Ç–∏–ù–æ–≤–æ–∫—É–π–±—ã—à–µ–≤—Å–∫–∞ #–ì–æ—Ä–æ–¥ #Nsk #Novokuibyshevsk #–†–æ—Å—Å–∏—è #–°–∞–º–∞—Ä–∞",1702920847
45,vestinsk,"–ü–æ–ª–æ–º–æ–∫ –º–Ω–æ–≥–æ, –º–µ—Å—Ç–æ –∫—É–¥–∞ –æ–±—Ä–∞—Ç–∏—Ç—å—Å—è, –æ–¥–Ω–æ!
–ò —ç—Ç–æ üëá
üíô [club29620087|–ê–≤—Ç–æ—Å–µ—Ä–≤–∏—Å –§–∞–Ω—Ç–æ–º, –ù–æ–≤–æ–∫—É–π–±—ã—à–µ–≤—Å–∫]   
–ü—Ä–∏–µ–∑–∂–∞–π—Ç–µ, –Ω–µ –ø–æ–∂–∞–ª–µ–µ—Ç–µ! –ê –ª—É—á—à–µ –ø–æ–∑–≤–æ–Ω–∏—Ç–µ –∏ –∑–∞–ø–∏—à–∏—Ç–µ—Å—å. –¢–æ–≥–¥–∞ —Ç–æ—á–Ω–æ –Ω–µ –ø—Ä–∏–¥–µ—Ç—Å—è –∂–¥–∞—Ç—å –Ω–∏ –º–∏–Ω—É—Ç—ã.
–ü–æ –≤–æ–ø—Ä–æ—Å–∞–º –ø–∏—à–∏—Ç–µ –≤ –ª–∏—á–Ω—ã–µ —Å–æ–æ–±—â–µ–Ω–∏—è –≥—Ä—É–ø–ø—ã –∏ —Ç–∞–∫–∂–µ –∑–≤–æ–Ω–∏—Ç–µ. 
 
üåé–ú—ã –Ω–∞—Ö–æ–¥–∏–º—Å—è –ø–æ –∞–¥—Ä–µ—Å—É: 
–≥. –ù–æ–≤–æ–∫—É–π–±—ã—à–µ–≤—Å–∫, —É–ª.–ú–æ–ª–æ–¥–æ–≥–≤–∞—Ä–¥–µ–π—Å–∫–∞—è –¥.14–∞ 
üì≤–û—Å—É—â–µ—Å—Ç–≤–ª—è–µ—Ç—Å—è –∑–∞–ø–∏—Å—å –ø–æ —Ç–µ–ª–µ—Ñ–æ–Ω—É : 
‚Ä¢8(937)201-00-97 
‚Ä¢8(84635)5-74-75 
‚Ä¢8(846)212-99-89 
üìÜ –ì—Ä–∞—Ñ–∏–∫ —Ä–∞–±–æ—Ç—ã: 
–ü–Ω-–°–±, —Å 9.00 –¥–æ 18.00 

üì• –¢–µ–ª–µ–≥—Ä–∞–º https://t.me/tcfantom
üì• –í–ö–æ–Ω—Ç–∞–∫—Ç–µ https://vk.com/tcfantom
._________________. 
#–¢–¶–§–∞–Ω—Ç–æ–º #–º—ã–¥–µ–ª–∞–µ–º–≤—Å–µ #—Ä–µ–º–æ–Ω—Ç #–∞–≤—Ç–æ–º–æ–∏ÃÜ–∫–∞ #—Ö–∏–º—á–∏—Å—Ç–∫–∞ #–Ω–∞–Ω–æ–º–æ–∏ÃÜ–∫–∞ #tcfantom #–º–æ–ª–æ–¥–æ–≥–≤–∞—Ä–¥–µ–π—Å–∫–∞—è14–∞",1702915169
46,vestinsk,"–î–µ—Ç–∏ –ù–æ–≤–æ–∫—É–π–±—ã—à–µ–≤—Å–∫–∞ –ø–æ–ª—É—á–∞—é—Ç —Å–ª–∞–¥–∫–∏–µ –ø–æ–¥–∞—Ä–∫–∏ –æ—Ç –ì—É–±–µ—Ä–Ω–∞—Ç–æ—Ä–∞

–ú—ã –≤—ã—è—Å–Ω–∏–ª–∏, —á—Ç–æ –ø–æ–ª–æ–∂–∏–ª–∏ –≤ –ø–æ–¥–∞—Ä–æ–∫ –≤ –∫—Ä–∞—Å–Ω—ã–µ –∫–æ—Ä–æ–±–æ—á–∫–∏.

–ï–∂–µ–≥–æ–¥–Ω–æ –¥–µ—Ç–∏ –°–∞–º–∞—Ä—Å–∫–æ–π –æ–±–ª–∞—Å—Ç–∏ –ø–æ–ª—É—á–∞—é—Ç —Å–ª–∞–¥–∫–∏–µ –ø–æ–¥–∞—Ä–∫–∏ –æ—Ç –ì—É–±–µ—Ä–Ω–∞—Ç–æ—Ä–∞. 

–í 2023 –≥–æ–¥—É –ø–æ–¥–∞—Ä–æ–∫ –≤—ã–≥–ª—è–¥–∏—Ç –¥–æ–≤–æ–ª—å–Ω–æ —Å–∫—Ä–æ–º–Ω–æ. –í —Å–ø–∏—Å–∫–µ 23 –Ω–∞–∏–º–µ–Ω–æ–≤–∞–Ω–∏—è, –≤ —á–∏—Å–ª–µ –∫–æ—Ç–æ—Ä—ã—Ö –∑–µ—Ñ–∏—Ä, —à–æ–∫–æ–ª–∞–¥–∫–∞, –ø–µ—á–µ–Ω—å–µ, —à–æ–∫–æ–ª–∞–¥–Ω–∞—è —Ñ–∏–≥—É—Ä–∫–∞ –î–µ–¥–∞ –ú–æ—Ä–æ–∑–∞ –∏ —à–æ–∫–æ–ª–∞–¥–Ω—ã–µ –∫–æ–Ω—Ñ–µ—Ç—ã. –í –∫–æ–º–ø–ª–µ–∫—Ç–µ –µ—â–µ –∫–∞–ª–µ–Ω–¥–∞—Ä—å.

–ñ–∏—Ç–µ–ª–∏ –æ—Ç–º–µ—á–∞—é—Ç, —á—Ç–æ —Å –∫–∞–∂–¥—ã–º –≥–æ–¥–æ–º –ø–æ–¥–∞—Ä–æ–∫ —Å—Ç–∞–Ω–æ–≤–∏—Ç—Å—è –≤—Å–µ —Å–∫—Ä–æ–º–Ω–µ–µ. –ï—â–µ –≤ 2020 –≥–æ–¥—É –ø–æ–¥–∞—Ä–æ–∫ —Å–æ–¥–µ—Ä–∂–∞–ª 31 –Ω–∞–∏–º–µ–Ω–æ–≤–∞–Ω–∏–µ, –≤ 2021 - 29, –≤ 2022 - 26 –∏ 23 –≤ 2023 –≥–æ–¥—É.

‚Ä¢–ù–∞—à–∏ —Å–æ—Ü–∏–∞–ª—å–Ω—ã–µ —Å–µ—Ç–∏‚Ä¢
üì§–¢–µ–ª–µ–≥—Ä–∞–º https://t.me/novokuybishevsk

üì§–í–ö–æ–Ω—Ç–∞–∫—Ç–µ https://vk.com/vestinsk

#–ù–æ–≤–æ–∫—É–π–±—ã—à–µ–≤—Å–∫ #–ù–æ–≤–æ—Å—Ç–∏–ù–æ–≤–æ–∫—É–π–±—ã—à–µ–≤—Å–∫–∞ #–ì–æ—Ä–æ–¥ #Nsk #Novokuibyshevsk #–†–æ—Å—Å–∏—è #–°–∞–º–∞—Ä–∞",1702911602
47,vestinsk,"¬´–í—ã –Ω–µ –ø–æ–¥—Ö–æ–¥–∏—Ç–µ¬ª - —Ç–∞–∫—É—é —Ñ—Ä–∞–∑—É —Å–ª—ã—à–∞–ª–∏ –º–Ω–æ–≥–∏–µ –º–æ–∏ –ö–ª–∏–µ–Ω—Ç—ã –≤ —á–∞—Å—Ç–Ω—ã—Ö –∫–æ–º–ø–∞–Ω–∏—è—Ö –ø–æ –±–∞–Ω–∫—Ä–æ—Ç—Å—Ç–≤—É 

–û—Ç–∫–∞–∑—ã–≤–∞—é—Ç –ø–æ —Ä—è–¥—É –ø—Ä–∏—á–∏–Ω:
- –£ –≤–∞—Å –≤—ã—Å–æ–∫–∞—è –∑–∞—Ä–ø–ª–∞—Ç–∞ 
- –ù–µ —Å–º–æ–≥—É—Ç —Å–æ—Ö—Ä–∞–Ω–∏—Ç—å –∏–º—É—â–µ—Å—Ç–≤–æ
- –í—ã –ø—Ä–æ–ø–∏—Å–∞–Ω—ã –≤ –¥—Ä—É–≥–æ–π –æ–±–ª–∞—Å—Ç–∏ 
- –°—É–º–º–∞ –≤–∞—à–µ–≥–æ –¥–æ–ª–≥–∞ –¥–æ–ª–∂–Ω–∞ –±—ã—Ç—å –±–æ–ª—å—à–µ

–Ø, [id803264732|–Ø–∫—É–Ω–∏–Ω–∞ –£–ª—å—è–Ω–∞], –≤–µ–¥—É—â–∏–π —Å–ø–µ—Ü–∏–∞–ª–∏—Å—Ç –ø–æ –±–∞–Ω–∫—Ä–æ—Ç—Å—Ç–≤—É –§–µ–¥–µ—Ä–∞–ª—å–Ω–æ–π –≥—Ä—É–ø–ø—ã –ö–æ–º–ø–∞–Ω–∏–∏ ¬´–ë–∏–∑–Ω–µ—Å-–Æ—Ä–∏—Å—Ç¬ª ‚öñ

‚úÖ –ü–æ—á–µ–º—É —Å—Ç–æ–∏—Ç –æ–±—Ä–∞—Ç–∏—Ç—å—Å—è –∏–º–µ–Ω–Ω–æ –∫–æ –º–Ω–µ:

üß∑ –†–∞–±–æ—Ç–∞—é –æ—Ç –ª–∏—Ü–∞ –∫—Ä—É–ø–Ω–æ–π –§–µ–¥–µ—Ä–∞–ª—å–Ω–æ–π –ö–æ–º–ø–∞–Ω–∏–∏, –±–æ–ª–µ–µ 400 –æ—Ñ–∏—Å–æ–≤ –ø–æ –≤—Å–µ–π –†–æ—Å—Å–∏–∏ 
üß∑ –®–∏—Ä–æ–∫–∞—è —Å—É–¥–µ–±–Ω–∞—è –ø—Ä–∞–∫—Ç–∏–∫–∞, –±–µ—Ä—É—Å—å –¥–∞–∂–µ –∑–∞ —Å–∞–º—ã–µ —Å–ª–æ–∂–Ω—ã–µ –¥–µ–ª–∞ 
üß∑ –ù–µ—Ç —Ä–∏—Å–∫–æ–≤, –¥–µ–π—Å—Ç–≤—É–µ—Ç –≥–∞—Ä–∞–Ω—Ç–∏—è
üß∑ –ü–µ—Ä–µ–¥–∞—é –í–∞—à–µ –¥–µ–ª–æ –≤ —Å—É–¥ —Å—Ä–∞–∑—É, –Ω–µ –∂–¥—É, –ø–æ–∫–∞ –≤—ã –æ–ø–ª–∞—Ç–∏—Ç–µ –±–æ–ª—å—à—É—é —á–∞—Å—Ç—å –ø–æ –¥–æ–≥–æ–≤–æ—Ä—É

‚úÖ –Ø –í–∞–º –ø–æ–º–æ–≥—É –Ω–∞–≤—Å–µ–≥–¥–∞ –æ—Å–≤–æ–±–æ–¥–∏—Ç—å—Å—è –æ—Ç –¥–æ–ª–≥–æ–≤, –Ω–∞–ø–∏—à–∏—Ç–µ –º–Ω–µ https://vk.com/yakunina_urist –∏–ª–∏ –∑–∞–ø–∏—à–∏—Ç–µ—Å—å –Ω–∞ –±–µ—Å–ø–ª–∞—Ç–Ω—É—é –∫–æ–Ω—Å—É–ª—å—Ç–∞—Ü–∏—é –ø–æ —Ç–µ–ª.
‚òé: 8 987 917 07 72",1702908001
48,vestinsk,"–í –ù–æ–≤–æ–∫—É–π–±—ã—à–µ–≤—Å–∫–µ –≤ –≤—ã—Ö–æ–¥–Ω—ã–µ –ø–æ—Ç—É—à–∏–ª–∏ —Ç—Ä–∏ –ø–æ–∂–∞—Ä–∞

–°–ø–∞—Å–µ–Ω–æ –¥–≤–∞ —á–µ–ª–æ–≤–µ–∫–∞.

–°–æ—Ç—Ä—É–¥–Ω–∏–∫–∏ –ú–ß–° –ø–æ –°–∞–º–∞—Ä—Å–∫–æ–π –æ–±–ª–∞—Å—Ç–∏ —Å–æ–æ–±—â–∏–ª–∏ –æ —Ç–æ–º, —á—Ç–æ —Ç—Ä–∏–∂–¥—ã –∑–∞ –≤—ã—Ö–æ–¥–Ω—ã–µ –ø—Ä–∏—à–ª–æ—Å—å –≤—ã–µ–∑–∂–∞—Ç—å –Ω–∞ —Ç—É—à–µ–Ω–∏–µ –≤–æ–∑–≥–æ—Ä–∞–Ω–∏–π.

–ö–∞–∫ —É–¥–∞–ª–æ—Å—å –≤—ã—è—Å–Ω–∏—Ç—å, –≤ —Å—É–±–±–æ—Ç—É –≤–µ—á–µ—Ä–æ–º –æ–∫–æ–ª–æ 19.23 –∑–∞–≥–æ—Ä–µ–ª–∏—Å—å –¥–æ–º–∞—à–Ω–∏–µ –≤–µ—â–∏ –≤ –≥–∞—Ä–∞–∂–µ –≤–æ–∑–ª–µ –¥–æ–º–∞ ‚Ññ 10 –ø–æ —É–ª–∏—Ü–µ –£—Å–ø–µ–Ω—Å–∫–æ–≥–æ. –ü–ª–æ—â–∞–¥—å –ø–æ–∂–∞—Ä–∞ —Å–æ—Å—Ç–∞–≤–∏–ª–∞ 7 –∫–≤–∞–¥—Ä–∞—Ç–Ω—ã—Ö –º–µ—Ç—Ä–æ–≤. –ù–∞ —Ç—É—à–µ–Ω–∏–µ –≤—ã–µ–∑–∂–∞–ª–∏ 10 —á–µ–ª–æ–≤–µ–∫ –ª–∏—á–Ω–æ–≥–æ —Å–æ—Å—Ç–∞–≤–∞ –∏ 2 –µ–¥–∏–Ω–∏—Ü—ã —Ç–µ—Ö–Ω–∏–∫–∏.

–í—Ç–æ—Ä–æ–µ –≤–æ–∑–≥–æ—Ä–∞–Ω–∏–µ –ø—Ä–æ–∏–∑–æ—à–ª–æ –æ–∫–æ–ª–æ –ø–æ–ª—É–Ω–æ—á–∏ –≤—á–µ—Ä–∞ –≤ –ø–æ—Å–µ–ª–∫–µ –í–∞—Å–∏–ª—å–∫–∏. –£ –¥–æ–º–∞ ‚Ññ 147 –ø–æ —É–ª–∏—Ü–µ –ñ–µ–ª–µ–∑–Ω–æ–¥–æ—Ä–æ–∂–Ω–æ–π –∑–∞–≥–æ—Ä–µ–ª–æ—Å—å –≤—Å–ø–æ–º–æ–≥–∞—Ç–µ–ª—å–Ω–æ–µ —Å—Ç—Ä–æ–µ–Ω–∏–µ. –ü–ª–æ—â–∞–¥—å –ø–æ–∂–∞—Ä–∞ —Å–æ—Å—Ç–∞–≤–∏–ª–∞ –æ–∫–æ–ª–æ 8 –∫–≤–∞–¥—Ä–∞—Ç–Ω—ã—Ö –º–µ—Ç—Ä–æ–≤. 
–ò–∑ –∑–∞–≥–æ—Ä–µ–≤—à–µ–≥–æ—Å—è —Å—Ç—Ä–æ–µ–Ω–∏—è —Å–ø–∞—Å–ª–∏ –¥–≤—É—Ö —á–µ–ª–æ–≤–µ–∫. –í—ã–µ–∑–∂–∞–ª–∏ 5 —á–µ–ª–æ–≤–µ–∫ –ª–∏—á–Ω–æ–≥–æ —Å–æ—Å—Ç–∞–≤–∞ –∏ 2 –µ–¥–∏–Ω–∏—Ü—ã —Ç–µ—Ö–Ω–∏–∫–∏.

–ò —Ç—Ä–µ—Ç–∏–π –ø–æ–∂–∞—Ä –ø—Ä–æ–∏–∑–æ—à–µ–ª —É–∂–µ —Å–µ–≥–æ–¥–Ω—è –ø–æ—Å–ª–µ –ø–æ–ª—É–Ω–æ—á–∏ –≤ –°–î–¢ ""–í–∏—à–µ–Ω–∫–∞"". –ó–∞–≥–æ—Ä–µ–ª–∞—Å—å –∫—Ä–æ–≤–ª—è —Å–∞–¥–æ–≤–æ-–¥–∞—á–Ω–æ–≥–æ —Å—Ç—Ä–æ–µ–Ω–∏—è —É –¥–æ–º–∞ ‚Ññ 68 –ø–æ —É–ª–∏—Ü–µ –ö—Ä—ã–ª–æ–≤–∞.
–ù–∞ —Ç—É—à–µ–Ω–∏–µ –≤—ã–µ–∑–∂–∞–ª–∏ 13 —á–µ–ª–æ–≤–µ–∫ –ª–∏—á–Ω–æ–≥–æ —Å–æ—Å—Ç–∞–≤–∞ –∏ 4 –µ–¥–∏–Ω–∏—Ü—ã —Ç–µ—Ö–Ω–∏–∫–∏, –≤ —Ç–æ–º —á–∏—Å–ª–µ –î–ü–ö.

–ö —Å—á–∞—Å—Ç—å—é, –ø–æ–≥–∏–±—à–∏—Ö –Ω–µ—Ç. –ü—Ä–∏—á–∏–Ω—ã –∏ —É—â–µ—Ä–± —É—Å—Ç–∞–Ω–∞–≤–ª–∏–≤–∞—é—Ç—Å—è.

‚Ä¢–ù–∞—à–∏ —Å–æ—Ü–∏–∞–ª—å–Ω—ã–µ —Å–µ—Ç–∏‚Ä¢
üì§–¢–µ–ª–µ–≥—Ä–∞–º https://t.me/novokuybishevsk

üì§–í–ö–æ–Ω—Ç–∞–∫—Ç–µ https://vk.com/vestinsk

#–ù–æ–≤–æ–∫—É–π–±—ã—à–µ–≤—Å–∫ #–ù–æ–≤–æ—Å—Ç–∏–ù–æ–≤–æ–∫—É–π–±—ã—à–µ–≤—Å–∫–∞ #–ì–æ—Ä–æ–¥ #Nsk #Novokuibyshevsk #–†–æ—Å—Å–∏—è #–°–∞–º–∞—Ä–∞",1702904796
49,vestinsk,"–í –ù–æ–≤–æ–∫—É–π–±—ã—à–µ–≤—Å–∫–µ —É–±–µ—Ä—É—Ç —Å–≤–∞–ª–∫—É –ø–æ—Å–ª–µ —Å–Ω–æ—Å–∞ –¥–æ–º–∞

–ê–¥–º–∏–Ω–∏—Å—Ç—Ä–∞—Ü–∏—è –≥–æ—Ä–æ–¥–∞ —É–∂–µ –∏—â–µ—Ç –ø–æ–¥—Ä—è–¥—á–∏–∫–∞, –∫–æ—Ç–æ—Ä—ã–π –≤—ã–ø–æ–ª–Ω–∏—Ç —Ä–∞–±–æ—Ç—ã

–ù–∞ —Å–∞–π—Ç–µ –≥–æ—Å–∑–∞–∫—É–ø–æ–∫ –ø–æ—è–≤–∏–ª—Å—è –∞—É–∫—Ü–∏–æ–Ω –Ω–∞ –æ–∫–∞–∑–∞–Ω–∏–µ —É—Å–ª—É–≥ –ø–æ –≤—ã–≤–æ–∑—É –∏ —É—Ç–∏–ª–∏–∑–∞—Ü–∏–∏ –æ—Ç—Ö–æ–¥–æ–≤ –ø–æ—Å–ª–µ —Å–Ω–æ—Å–∞ –º–Ω–æ–≥–æ–∫–≤–∞—Ä—Ç–∏—Ä–Ω—ã—Ö –¥–æ–º–æ–≤.

–†–µ—á—å –∏–¥–µ—Ç –æ —Å–≤–∞–ª–∫–µ, –æ–±—Ä–∞–∑–æ–≤–∞–≤—à–µ–π—Å—è –ø–æ—Å–ª–µ —Å–Ω–æ—Å–∞ –¥–æ–º–∞ ‚Ññ 8 –ø–æ —É–ª–∏—Ü–µ –û–¥–µ—Å—Å–∫–æ–π. –ü–æ–¥—Ä—è–¥—á–∏–∫ –¥–æ–ª–∂–µ–Ω –±—É–¥–µ—Ç –æ—á–∏—Å—Ç–∏—Ç—å –æ—Ç —Å—Ç—Ä–æ–∏—Ç–µ–ª—å–Ω–æ–≥–æ —Ö–ª–∞–º–∞ —Ç–µ—Ä—Ä–∏—Ç–æ—Ä–∏—é –±–æ–ª–µ–µ 1000 –∫–≤–∞–¥—Ä–∞—Ç–Ω—ã—Ö –º–µ—Ç—Ä–æ–≤.

–ó–∞ —É–±–æ—Ä–∫—É –ø–ª–∞–Ω–∏—Ä—É—é—Ç –∑–∞–ø–ª–∞—Ç–∏—Ç—å –ø–æ—á—Ç–∏ 2 –º–∏–ª–ª–∏–æ–Ω–∞ —Ä—É–±–ª–µ–π. –†–∞–±–æ—Ç—ã –¥–æ–ª–∂–Ω—ã –±—ã—Ç—å –≤—ã–ø–æ–ª–Ω–µ–Ω—ã –¥–æ 26 –¥–µ–∫–∞–±—Ä—è.

‚Ä¢–ù–∞—à–∏ —Å–æ—Ü–∏–∞–ª—å–Ω—ã–µ —Å–µ—Ç–∏‚Ä¢
üì§–¢–µ–ª–µ–≥—Ä–∞–º https://t.me/novokuybishevsk

üì§–í–ö–æ–Ω—Ç–∞–∫—Ç–µ https://vk.com/vestinsk

#–ù–æ–≤–æ–∫—É–π–±—ã—à–µ–≤—Å–∫ #–ù–æ–≤–æ—Å—Ç–∏–ù–æ–≤–æ–∫—É–π–±—ã—à–µ–≤—Å–∫–∞ #–ì–æ—Ä–æ–¥ #Nsk #Novokuibyshevsk #–†–æ—Å—Å–∏—è #–°–∞–º–∞—Ä–∞",1702897843
50,vestinsk,"üèÜ–ù–æ–≤—ã–µ –ø–æ–±–µ–¥—ã —é–Ω—ã—Ö –Ω–æ–≤–æ–∫—É–π–±—ã—à–µ–≤—Ü–µ–≤!

17 –¥–µ–∫–∞–±—Ä—è —á–µ—Ç—ã—Ä–µ –≥—Ä—É–ø–ø—ã —Ç–∞–Ω—Ü–µ–≤–∞–ª—å–Ω–æ–π —Å—Ç—É–¥–∏–∏ ¬´–ë–µ–∑ –≥—Ä–∞–Ω–∏—Ü¬ª –ø—Ä–∏–Ω—è–ª–∏ —É—á–∞—Å—Ç–∏–µ –≤ –ú–µ–∂–¥—É–Ω–∞—Ä–æ–¥–Ω–æ–º —Ñ–µ—Å—Ç–∏–≤–∞–ª–µ-–∫–æ–Ω–∫—É—Ä—Å–µ ¬´–≠–Ω–µ—Ä–≥–∏—è –∑–≤–µ–∑–¥¬ª.

–ö–æ–ø–∏–ª–∫–∞ –¥–æ—Å—Ç–∏–∂–µ–Ω–∏–π –ø–æ–ø–æ–ª–Ω–∏–ª–∞—Å—å 4 –ø—Ä–∏–∑–æ–≤—ã–º–∏ –º–µ—Å—Ç–∞–º–∏:

ü•à–ì—Ä—É–ø–ø–∞ ¬´–§–∏–∫—Å–∏–∫–∏¬ª - –õ–ê–£–†–ï–ê–¢–´ II —Å—Ç–µ–ø–µ–Ω–∏
ü•á–ì—Ä—É–ø–ø–∞ ¬´–°–º—É—Ä—Ñ–∏–∫–∏¬ª - –õ–ê–£–†–ï–ê–¢–´ I —Å—Ç–µ–ø–µ–Ω–∏
ü•á–ì—Ä—É–ø–ø–∞ ¬´–®–∞–π–Ω¬ª - –õ–ê–£–†–ï–ê–¢–´ I —Å—Ç–µ–ø–µ–Ω–∏
üèÜ–ì—Ä—É–ø–ø–∞ ¬´–§–ï–ï–†–ò–Ø¬ª - –ì–†–ê–ù-–ü–†–ò

–ü–æ–∑–¥—Ä–∞–≤–ª—è–µ–º –∞—Ä—Ç–∏—Å—Ç–æ–≤ —Å –Ω–∞–≥—Ä–∞–¥–∞–º–∏ –∏ –±–ª–∞–≥–æ–¥–∞—Ä–∏–º –ø–µ–¥–∞–≥–æ–≥–æ–≤ –∑–∞ –æ—Ç–ª–∏—á–Ω—É—é –ø–æ–¥–≥–æ—Ç–æ–≤–∫—É!

‚Ä¢–ù–∞—à–∏ —Å–æ—Ü–∏–∞–ª—å–Ω—ã–µ —Å–µ—Ç–∏‚Ä¢
üì§–¢–µ–ª–µ–≥—Ä–∞–º https://t.me/novokuybishevsk

üì§–í–ö–æ–Ω—Ç–∞–∫—Ç–µ https://vk.com/vestinsk

#–ù–æ–≤–æ–∫—É–π–±—ã—à–µ–≤—Å–∫ #–ù–æ–≤–æ—Å—Ç–∏–ù–æ–≤–æ–∫—É–π–±—ã—à–µ–≤—Å–∫–∞ #–ì–æ—Ä–æ–¥ #Nsk #Novokuibyshevsk #–†–æ—Å—Å–∏—è #–°–∞–º–∞—Ä–∞",1702892576
51,vestinsk,"–£–±–æ—Ä–∫–∞ —Å–Ω–µ–≥–∞ –∏–¥–µ—Ç –ø–æ –ø–ª–∞–Ω—É¬†üòâ

–ù–∞ —Ç–µ—Ä—Ä–∏—Ç–æ—Ä–∏–∏ –ù–æ–≤–æ–∫—É–π–±—ã—à–µ–≤—Å–∫–∞ –æ—Ç –ú–ë–£ ¬´–ë–ª–∞–≥–æ—É—Å—Ç—Ä–æ–π—Å—Ç–≤–æ¬ª –≤—ã–≤–µ–¥–µ–Ω—ã 101 –¥–≤–æ—Ä–Ω–∏–∫ –∏ 15 –µ–¥–∏–Ω–∏—Ü —Å–ø–µ—Ü—Ç–µ—Ö–Ω–∏–∫–∏, –æ—Ç –û–û–û ¬´–ù–æ–≤–æ–≥—Ä–∞–¥—Å–µ—Ä–≤–∏—Å¬ª - 67 –∏ 10, –ê–û ¬´–ñ–£–ö¬ª - 62 –∏ 11, –û–û–û ""–ú–ò–†–¢"" - 21 –∏ 1, –û–û–û ¬´–ü–æ–±–µ–¥–∞-–ù–æ–≤–æ—Å–µ—Ä–≤–∏—Å¬ª - 10 –∏ 2, –ù–ë–£ ""–¶–µ–Ω—Ç—Ä —Å–µ—Ä–≤–∏—Å"" - 5 –µ–¥–∏–Ω–∏—Ü.

‚Ä¢–ù–∞—à–∏ —Å–æ—Ü–∏–∞–ª—å–Ω—ã–µ —Å–µ—Ç–∏‚Ä¢
üì§–¢–µ–ª–µ–≥—Ä–∞–º https://t.me/novokuybishevsk

üì§–í–ö–æ–Ω—Ç–∞–∫—Ç–µ https://vk.com/vestinsk

#–ù–æ–≤–æ–∫—É–π–±—ã—à–µ–≤—Å–∫ #–ù–æ–≤–æ—Å—Ç–∏–ù–æ–≤–æ–∫—É–π–±—ã—à–µ–≤—Å–∫–∞ #–ì–æ—Ä–æ–¥ #Nsk #Novokuibyshevsk #–†–æ—Å—Å–∏—è #–°–∞–º–∞—Ä–∞",1702887251
52,vestinsk,"–•–æ—Ä–æ—à–µ–π –Ω–µ–¥–µ–ª–∏, –¥—Ä—É–∑—å—è! ‚ú®

‚Ä¢–ù–∞—à–∏ —Å–æ—Ü–∏–∞–ª—å–Ω—ã–µ —Å–µ—Ç–∏‚Ä¢
üì§–¢–µ–ª–µ–≥—Ä–∞–º https://t.me/novokuybishevsk

üì§–í–ö–æ–Ω—Ç–∞–∫—Ç–µ https://vk.com/vestinsk

#–ù–æ–≤–æ–∫—É–π–±—ã—à–µ–≤—Å–∫ #–ù–æ–≤–æ—Å—Ç–∏–ù–æ–≤–æ–∫—É–π–±—ã—à–µ–≤—Å–∫–∞ #–ì–æ—Ä–æ–¥ #Nsk #Novokuibyshevsk #–†–æ—Å—Å–∏—è #–°–∞–º–∞—Ä–∞",1702878704
53,vestinsk,"–ó–¥—Ä–∞–≤—Å—Ç–≤—É–π—Ç–µ, –∞–¥–º–∏–Ω–∏—Å—Ç—Ä–∞—Ü–∏—è –ù–µ—Ñ—Ç—è–Ω–∏–∫, –∫–∞–∫ –≤—ã –º–æ–≥–ª–∏ –æ—Ç–∫—Ä—ã—Ç—å –∫–∞—Ç–æ–∫, –∫–æ–≥–¥–∞ –ª—ë–¥ –∑–∞–ª–∏—Ç –∫–æ–µ –∫–∞–∫, –Ω–µ —Ä–æ–≤–Ω—ã–π –æ—Ç —Å–ª–æ–≤–∞ —Å–æ–≤—Å–µ–º, —à–∏—à–∫–∏ –∏ –¥—ã—Ä—ã –Ω–∞ –ª—å–¥—É. –ö–∞—Ç–∞—Ç—å—Å—è –Ω–µ –≤–æ–∑–º–æ–∂–Ω–æ. –ù–∞ –º–∏–Ω—É—Ç–æ—á–∫—É, –Ω–µ –±–µ—Å–ø–ª–∞—Ç–Ω–æ! –ê–Ω–∞–Ω–∏–º–Ω–æ

‚Ä¢–ù–∞—à–∏ —Å–æ—Ü–∏–∞–ª—å–Ω—ã–µ —Å–µ—Ç–∏‚Ä¢
üì§–¢–µ–ª–µ–≥—Ä–∞–º https://t.me/novokuybishevsk

üì§–í–ö–æ–Ω—Ç–∞–∫—Ç–µ https://vk.com/vestinsk

#–ù–æ–≤–æ–∫—É–π–±—ã—à–µ–≤—Å–∫ #–ù–æ–≤–æ—Å—Ç–∏–ù–æ–≤–æ–∫—É–π–±—ã—à–µ–≤—Å–∫–∞ #–ì–æ—Ä–æ–¥ #Nsk #Novokuibyshevsk #–†–æ—Å—Å–∏—è #–°–∞–º–∞—Ä–∞",1702832401
54,vestinsk,"–ü–æ–¥–≤–µ–ª–∏ –∏—Ç–æ–≥–∏ –≥–æ—Ä–æ–¥—Å–∫–æ–≥–æ –∫–æ–Ω–∫—É—Ä—Å–∞ ""–¢–≤–æ—Ä–∏ –¥–æ–±—Ä–æ""

–í –î–æ–º–µ –º–æ–ª–æ–¥–µ–∂–Ω—ã—Ö –æ—Ä–≥–∞–Ω–∏–∑–∞—Ü–∏–π –æ–±—ä—è–≤–∏–ª–∏ –∏—Ç–æ–≥–∏ –≥–æ—Ä–æ–¥—Å–∫–æ–≥–æ –∫–æ–Ω–∫—É—Ä—Å–∞ ""–¢–≤–æ—Ä–∏ –¥–æ–±—Ä–æ"" –∏ –Ω–∞–≥—Ä–∞–¥–∏–ª–∏ –ü–∞–º—è—Ç–Ω—ã–º –∑–Ω–∞–∫–æ–º –≥–ª–∞–≤—ã –≥–æ—Ä–æ–¥—Å–∫–æ–≥–æ –æ–∫—Ä—É–≥–∞ –∑–∞ –∑–∞—Å–ª—É–≥–∏ –≤ —Å—Ñ–µ—Ä–µ –¥–æ–±—Ä–æ–≤–æ–ª—å—á–µ—Å—Ç–≤–∞ ""–î–æ–±—Ä–æ–µ —Å–µ—Ä–¥—Ü–µ"".

–ü–æ–æ—â—Ä–∏–ª–∏ –ª—É—á—à–∏–µ –¥–æ–±—Ä–æ–≤–æ–ª—å—á–µ—Å–∫–∏–µ –æ–±—ä–µ–¥–∏–Ω–µ–Ω–∏—è –∏ –∞–∫—Ç–∏–≤–Ω—ã—Ö –¥–æ–±—Ä–æ–≤–æ–ª—å—Ü–µ–≤, –≤ —Ç–æ–º —á–∏—Å–ª–µ ¬´—Å–µ—Ä–µ–±—Ä—è–Ω–æ–≥–æ¬ª –≤–æ–∑—Ä–∞—Å—Ç–∞, –°–ú–ò, –ø—Ä–µ–¥–ø—Ä–∏—è—Ç–∏—è –∏ –æ—Ä–≥–∞–Ω–∏–∑–∞—Ü–∏–∏.

–ü–æ—á–µ—Ç–Ω—ã–º –∑–Ω–∞–∫–æ–º –æ—Ç–º–µ—Ç–∏–ª–∏ –≤–æ–ª–æ–Ω—Ç—ë—Ä–æ–≤, –≤–Ω–µ—Å—à–∏—Ö –∑–Ω–∞—á–∏—Ç–µ–ª—å–Ω—ã–π –≤–∫–ª–∞–¥ –≤ —Ä–∞–∑–≤–∏—Ç–∏–µ –¥–æ–±—Ä–æ–≤–æ–ª—å—á–µ—Å–∫–æ–≥–æ –¥–≤–∏–∂–µ–Ω–∏—è –Ω–∞ —Ç–µ—Ä—Ä–∏—Ç–æ—Ä–∏–∏ –Ω–∞—à–µ–≥–æ –≥–æ—Ä–æ–¥–∞.

‚ùó–ö–æ–Ω–∫—É—Ä—Å –±—ã–ª –æ–±—ä—è–≤–ª–µ–Ω –≤ –Ω–∞—á–∞–ª–µ –Ω–æ—è–±—Ä—è, –ø—Ä–∏—ë–º –∑–∞—è–≤–æ–∫ –æ—Å—É—â–µ—Å—Ç–≤–ª—è–ª—Å—è –¥–æ 7 –¥–µ–∫–∞–±—Ä—è.

 üì∏ –ì–∞–∑–µ—Ç–∞ ""–ù–∞—à–µ –≤—Ä–µ–º—è"".

‚Ä¢–ù–∞—à–∏ —Å–æ—Ü–∏–∞–ª—å–Ω—ã–µ —Å–µ—Ç–∏‚Ä¢
üì§–¢–µ–ª–µ–≥—Ä–∞–º https://t.me/novokuybishevsk

üì§–í–ö–æ–Ω—Ç–∞–∫—Ç–µ https://vk.com/vestinsk

#–ù–æ–≤–æ–∫—É–π–±—ã—à–µ–≤—Å–∫ #–ù–æ–≤–æ—Å—Ç–∏–ù–æ–≤–æ–∫—É–π–±—ã—à–µ–≤—Å–∫–∞ #–ì–æ—Ä–æ–¥ #Nsk #Novokuibyshevsk #–†–æ—Å—Å–∏—è #–°–∞–º–∞—Ä–∞",1702828801
55,vestinsk,"–õ–£–ß–®–ò–ô –î–í–û–† –í –ù–û–í–û–ö–£–ô–ë–´–®–ï–í–°–ö–ï

–í –°–∞–º–∞—Ä–µ –ø—Ä–æ—à–ª–æ —Ç–æ—Ä–∂–µ—Å—Ç–≤–µ–Ω–Ω–æ–µ –Ω–∞–≥—Ä–∞–∂–¥–µ–Ω–∏–µ –ø–æ–±–µ–¥–∏—Ç–µ–ª–µ–π –∏ —É—á–∞—Å—Ç–Ω–∏–∫–æ–≤ –æ–±–ª–∞—Å—Ç–Ω–æ–≥–æ –∫–æ–Ω–∫—É—Ä—Å–∞ ‚Äú–õ—É—á—à–∏–π –¥–æ–º. –õ—É—á—à–∏–π –¥–≤–æ—Ä‚Äù!

–ù–æ–≤–æ–∫—É–π–±—ã—à–µ–≤—Å–∫ —Å—Ç–∞–ª –æ–±–ª–∞–¥–∞—Ç–µ–ª–µ–º 3-–≥–æ –º–µ—Å—Ç–∞ –≤ –Ω–æ–º–∏–Ω–∞—Ü–∏–∏ ‚Äú–õ—É—á—à–∏–π –¥–≤–æ—Ä‚Äù –ø–æ –∞–¥—Ä–µ—Å—É —É–ª. –ú–∏—Ä–æ–Ω–æ–≤–∞ 6 (–û–°–ú 12), –ø—Ä–µ–¥—Å–µ–¥–∞—Ç–µ–ª—å –¢–°–ñ ‚Äú–ê—Ä–±–∞—Ç‚Äù –û–ª—å–≥–∞ –ù–∏–∫–æ–ª–∞–µ–≤–Ω–∞ –ö–∞—Ä–∞—É–ª–æ–≤–∞.

–ü–æ–∑–¥—Ä–∞–≤–ª—è–µ–º –ø–æ–±–µ–¥–∏—Ç–µ–ª—è –∏ –∂–µ–ª–∞–µ–º –∏–º –¥–∞–ª—å–Ω–µ–π—à–∏—Ö —É—Å–ø–µ—Ö–æ–≤!

–ò—Å—Ç–æ—á–Ω–∏–∫: –¶–µ–Ω—Ç—Ä —Å–æ–¥–µ–π—Å—Ç–≤–∏—è —Å–∞–º–æ—É–ø—Ä–∞–≤–ª–µ–Ω–∏—é —Ä–∞–π–æ–Ω–æ–≤.

‚Ä¢–ù–∞—à–∏ —Å–æ—Ü–∏–∞–ª—å–Ω—ã–µ —Å–µ—Ç–∏‚Ä¢
üì§–¢–µ–ª–µ–≥—Ä–∞–º https://t.me/novokuybishevsk

üì§–í–ö–æ–Ω—Ç–∞–∫—Ç–µ https://vk.com/vestinsk

#–ù–æ–≤–æ–∫—É–π–±—ã—à–µ–≤—Å–∫ #–ù–æ–≤–æ—Å—Ç–∏–ù–æ–≤–æ–∫—É–π–±—ã—à–µ–≤—Å–∫–∞ #–ì–æ—Ä–æ–¥ #Nsk #Novokuibyshevsk #–†–æ—Å—Å–∏—è #–°–∞–º–∞—Ä–∞",1702825202
56,vestinsk,"–ü–∏—à–∏—Ç–µ –≤ –∫–æ–º–º–µ–Ω—Ç–∞—Ä–∏—è—Ö, —á—Ç–æ –ø–æ–ª—É—á–∏–ª–æ—Å—å üòå

‚Ä¢–ù–∞—à–∏ —Å–æ—Ü–∏–∞–ª—å–Ω—ã–µ —Å–µ—Ç–∏‚Ä¢
üì§–¢–µ–ª–µ–≥—Ä–∞–º https://t.me/novokuybishevsk

üì§–í–ö–æ–Ω—Ç–∞–∫—Ç–µ https://vk.com/vestinsk

#–ù–æ–≤–æ–∫—É–π–±—ã—à–µ–≤—Å–∫ #–ù–æ–≤–æ—Å—Ç–∏–ù–æ–≤–æ–∫—É–π–±—ã—à–µ–≤—Å–∫–∞ #–ì–æ—Ä–æ–¥ #Nsk #Novokuibyshevsk #–†–æ—Å—Å–∏—è #–°–∞–º–∞—Ä–∞",1702822558
57,vestinsk,,1702813348
58,vestinsk,"–ù–æ–≤—ã–π –≥–æ–¥ ‚Äî —ç—Ç–æ –≤—Å–µ–≥–¥–∞ –Ω–∞–¥–µ–∂–¥–∞ –Ω–∞ —á—Ç–æ-—Ç–æ —Ö–æ—Ä–æ—à–µ–µ. –≠—Ç–æ –º–µ—á—Ç—ã –æ —Å—á–∞—Å—Ç—å–µ. –≠—Ç–æ —Ç—Ä–µ–ø–µ—Ç–Ω–æ–µ –æ–∂–∏–¥–∞–Ω–∏–µ, —á—Ç–æ –Ω–∞—Å—Ç—É–ø–∞—é—â–∏–π –≥–æ–¥ –Ω–µ–ø—Ä–µ–º–µ–Ω–Ω–æ –±—É–¥–µ—Ç –ª—É—á—à–µ –ø—Ä–µ–¥—ã–¥—É—â–µ–≥–æ, –∞ –≤—Å–µ –±–µ–¥—ã, —Ä–∞–∑–æ—á–∞—Ä–æ–≤–∞–Ω–∏—è –∏ –≥–æ—Ä–µ—Å—Ç–∏ –æ—Å—Ç–∞–Ω—É—Ç—Å—è –≤ –ø—Ä–æ—à–ª–æ–º. –ò–º–µ–Ω–Ω–æ –≤ –∫–∞–Ω—É–Ω –ù–æ–≤–æ–≥–æ –≥–æ–¥–∞, –∫–∞–∫ –Ω–∏–∫–æ–≥–¥–∞ —Ö–æ—á–µ—Ç—Å—è –≤–µ—Ä–∏—Ç—å, —á—Ç–æ –≤—Å–µ —Å–∞–º—ã–µ —Å–æ–∫—Ä–æ–≤–µ–Ω–Ω—ã–µ –∏ –±–µ–∑—É–º–Ω—ã–µ –∂–µ–ª–∞–Ω–∏—è –æ–±—è–∑–∞—Ç–µ–ª—å–Ω–æ —Å–±—É–¥—É—Ç—Å—è. ü§û

–ê –º—ã –∫–∞–∫ —Ä–∞–∑ –∂–µ–ª–∞–µ–º, —á—Ç–æ–±—ã –≤—Å–µ –≤—Å–µ –≤–∞—à–∏ –∂–µ–ª–∞–Ω–∏—è —Å–±—ã–ª–∏—Å—å! 

‚Ä¢–ù–∞—à–∏ —Å–æ—Ü–∏–∞–ª—å–Ω—ã–µ —Å–µ—Ç–∏‚Ä¢
üì§–¢–µ–ª–µ–≥—Ä–∞–º https://t.me/novokuybishevsk

üì§–í–ö–æ–Ω—Ç–∞–∫—Ç–µ https://vk.com/vestinsk

#–ù–æ–≤–æ–∫—É–π–±—ã—à–µ–≤—Å–∫ #–ù–æ–≤–æ—Å—Ç–∏–ù–æ–≤–æ–∫—É–π–±—ã—à–µ–≤—Å–∫–∞ #–ì–æ—Ä–æ–¥ #Nsk #Novokuibyshevsk #–†–æ—Å—Å–∏—è #–°–∞–º–∞—Ä–∞",1702807879
59,vestinsk,,1702803600
60,vestinsk,"–ü—Ä–æ—Å—ã–ø–∞—é—Å—å —É–∂–µ —Ç—Ä–µ—Ç—å—é –Ω–æ—á—å( –æ–∫–æ–ª–æ 01:00-02:00 –∫–∞–∂–¥—É—é –Ω–æ—á—å) –æ—Ç —à—É–º–æ–≤ —Å —É–ª–∏—Ü—ã. –î—É–º–∞—é –ª–∞–¥–Ω–æ, –º–æ–∂–µ—Ç –ø–æ–¥—Ä–æ—Å—Ç–∫–∏ —Ä–µ—à–∏–ª–∏ —á—É—Ç—å –ø–æ–≤—ã–ø–µ–Ω–¥—Ä–∏–≤–∞—Ç—å—Å—è. –ù–æ –Ω–µ—Ç. –≠—Ç–æ –ø—Ä–æ–¥–æ–ª–∂–∞–ª–æ—Å—å –Ω–∞ –ø—Ä–æ—Ç—è–∂–µ–Ω–∏–∏ 30 –º–∏–Ω—É—Ç. –ö —Ç–æ–º—É –≤—Ä–µ–º–µ–Ω–∏, –∫–∞–∫ –ø—Ä–∏–µ—Öa–ªa –º–∏–ª–∏—Ü–∏—è, –æ–Ω —É—Å–ø–µ–ª —É–µ—Ö–∞—Ç—å. –≠—Ç–æ —É–∂–µ –Ω–∏ –≤ –∫–∞–∫–∏–µ –≤–æ—Ä–æ—Ç–∞ –Ω–µ –ª–µ–∑–µ—Ç!!!  –≤ –ú–í–î –ø—Ä–æ—Å—Ç–æ —Å–º–µ—é—Ç—Å—è –∏ –Ω–∏—á–µ–≥–æ –Ω–µ —Ö–æ—Ç—è—Ç –¥–µ–ª–∞—Ç—å...

‚Ä¢–ù–∞—à–∏ —Å–æ—Ü–∏–∞–ª—å–Ω—ã–µ —Å–µ—Ç–∏‚Ä¢
üì§–¢–µ–ª–µ–≥—Ä–∞–º https://t.me/novokuybishevsk

üì§–í–ö–æ–Ω—Ç–∞–∫—Ç–µ https://vk.com/vestinsk

#–ù–æ–≤–æ–∫—É–π–±—ã—à–µ–≤—Å–∫ #–ù–æ–≤–æ—Å—Ç–∏–ù–æ–≤–æ–∫—É–π–±—ã—à–µ–≤—Å–∫–∞ #–ì–æ—Ä–æ–¥ #Nsk #Novokuibyshevsk #–†–æ—Å—Å–∏—è #–°–∞–º–∞—Ä–∞",1702765600
61,vestinsk,"–û–±—Ä–∞—Ç–∏—Ç–µ –≤–Ω–∏–º–∞–Ω–∏–µ!!! –£–∂–µ –≤—Ç–æ—Ä—É—é –Ω–æ—á—å –ø–æ–¥—Ä—è–¥ –Ω–∞ –Ω–∞—à–µ–π —É–ª–∏—Ü–µ (–£–ª–∏—Ü–∞ –û—Å—Ç—Ä–æ–≤—Å–∫–æ–≥–æ, 6) —Ç–≤–æ—Ä–∏—Ç—Å—è –Ω–µ–ª–∞–¥–Ω–æ–µ. –ö–∞–∫–æ–π-—Ç–æ –ø—Å–∏—Ö –±–µ–≥–∞–µ—Ç –ø–æ –Ω–æ—á–∞–º –ø–æ–¥ –æ–∫–Ω–∞–º–∏ –∏ –æ—Ä—ë—Ç. 
 
–≠—Ç–æ –ø—É–≥–∞–µ—Ç –¥–µ—Ç–µ–π –∏ –º–µ—à–∞–µ—Ç —Å–ø–∞—Ç—å –≤—Å–µ–º –∂–∏—Ç–µ–ª—è–º –¥–æ–º–∞. 
 
–ë—É–¥—å—Ç–µ –æ—Å—Ç–æ—Ä–æ–∂–Ω—ã –∏ –Ω–µ –æ—Ç–ø—É—Å–∫–∞–π—Ç–µ –¥–µ—Ç–µ–π –æ–¥–Ω–∏—Ö –≤ —Ç–µ–º–Ω–æ—Ç–µ.

‚Ä¢–ù–∞—à–∏ —Å–æ—Ü–∏–∞–ª—å–Ω—ã–µ —Å–µ—Ç–∏‚Ä¢
üì§–¢–µ–ª–µ–≥—Ä–∞–º https://t.me/novokuybishevsk

üì§–í–ö–æ–Ω—Ç–∞–∫—Ç–µ https://vk.com/vestinsk

#–ù–æ–≤–æ–∫—É–π–±—ã—à–µ–≤—Å–∫ #–ù–æ–≤–æ—Å—Ç–∏–ù–æ–≤–æ–∫—É–π–±—ã—à–µ–≤—Å–∫–∞ #–ì–æ—Ä–æ–¥ #Nsk #Novokuibyshevsk #–†–æ—Å—Å–∏—è #–°–∞–º–∞—Ä–∞",1702741370
62,vestinsk,"üèÜüèÜüèÜ 9-10 –¥–µ–∫–∞–±—Ä—è –Ω–∞ —Å—Ü–µ–Ω–µ –î–ö ¬´–ù–µ—Ñ—Ç—è–Ω–∏–∫¬ª –≥.–°–∞–º–∞—Ä–∞ —Å–æ—Å—Ç–æ—è–ª—Å—è –í—Å–µ—Ä–æ—Å—Å–∏–π—Å–∫–∏–π-–º–µ–∂–¥—É–Ω–∞—Ä–æ–¥–Ω—ã–π –∫–æ–Ω–∫—É—Ä—Å ¬´–•—Ä—É—Å—Ç–∞–ª—å–Ω–æ–µ —Å–µ—Ä–¥—Ü–µ –º–∏—Ä–∞¬ª. –û–±—É—á–∞—é—â–∞—è—Å—è —Ç–µ–∞—Ç—Ä–∞ ¬´–ò–∫—Å¬ª (–¶–î–Æ–¢) –ú–µ–ª—å–Ω–∏–∫–æ–≤–∞ –ê–ª–µ–Ω–∞ —Å—Ç–∞–ª–∞ –ª–∞—É—Ä–µ–∞—Ç–æ–º 1 —Å—Ç–µ–ø–µ–Ω–∏!!! üèÖüèÖüèÖ–ü–æ–∑–¥—Ä–∞–≤–ª—è–µ–º!!!üå∫üå∫üå∫

‚Ä¢–ù–∞—à–∏ —Å–æ—Ü–∏–∞–ª—å–Ω—ã–µ —Å–µ—Ç–∏‚Ä¢
üì§–¢–µ–ª–µ–≥—Ä–∞–º https://t.me/novokuybishevsk

üì§–í–ö–æ–Ω—Ç–∞–∫—Ç–µ https://vk.com/vestinsk

#–ù–æ–≤–æ–∫—É–π–±—ã—à–µ–≤—Å–∫ #–ù–æ–≤–æ—Å—Ç–∏–ù–æ–≤–æ–∫—É–π–±—ã—à–µ–≤—Å–∫–∞ #–ì–æ—Ä–æ–¥ #Nsk #Novokuibyshevsk #–†–æ—Å—Å–∏—è #–°–∞–º–∞—Ä–∞",1702741362
63,vestinsk,"–í –ù–æ–≤–æ–∫—É–π–±—ã—à–µ–≤—Å–∫–µ –±–æ—Ä—é—Ç—Å—è —Å –ø–æ—Å–ª–µ–¥—Å—Ç–≤–∏—è–º–∏ –Ω–µ–ø–æ–≥–æ–¥—ã 
 
–í —Å–≤—è–∑–∏ —Å –ø–æ–≥–æ–¥–Ω—ã–º–∏ —É—Å–ª–æ–≤–∏—è–º–∏ –Ω–∞ –¥–æ—Ä–æ–≥–∞—Ö, —Ç—Ä–æ—Ç—É–∞—Ä–∞—Ö, –≤–æ –¥–≤–æ—Ä–∞—Ö —Å–µ–≥–æ–¥–Ω—è –∏–¥—ë—Ç —É–±–æ—Ä–∫–∞ —Å–Ω–µ–≥–∞. 
 
–ù–∞ —Ç–µ—Ä—Ä–∏—Ç–æ—Ä–∏–∏ –ù–æ–≤–æ–∫—É–π–±—ã—à–µ–≤—Å–∫–∞ –æ—Ç –ú–ë–£ ¬´–ë–ª–∞–≥–æ—É—Å—Ç—Ä–æ–π—Å—Ç–≤–æ¬ª –≤—ã–≤–µ–¥–µ–Ω—ã 65 –¥–≤–æ—Ä–Ω–∏–∫–æ–≤ –∏ 14 –µ–¥–∏–Ω–∏—Ü —Å–ø–µ—Ü—Ç–µ—Ö–Ω–∏–∫–∏, –æ—Ç –û–û–û ¬´–ù–æ–≤–æ–≥—Ä–∞–¥—Å–µ—Ä–≤–∏—Å¬ª - 67 –∏ 11, –ê–û ¬´–ñ–£–ö¬ª - 24 –∏ 8, –û–û–û ""–ú–ò–†–¢"" - 21 –∏ 1, –û–û–û ¬´–ü–æ–±–µ–¥–∞–Ω–æ–≤–∞—Å–µ—Ä–≤–∏—Å¬ª - 10 –∏ 2. 
 
–ü–æ –Ω–æ—á–∞–º –Ω–∞ —ç—Ç–æ–π –Ω–µ–¥–µ–ª–µ –Ω–∞ –∞–≤—Ç–æ–¥–æ—Ä–æ–≥–∞—Ö —Ä–∞–±–æ—Ç–∞–ª–æ 4-7 –µ–¥–∏–Ω–∏—Ü —Ç–µ—Ö–Ω–∏–∫–∏.

‚Ä¢–ù–∞—à–∏ —Å–æ—Ü–∏–∞–ª—å–Ω—ã–µ —Å–µ—Ç–∏‚Ä¢ 
üì§–¢–µ–ª–µ–≥—Ä–∞–º https://t.me/novokuybishevsk 
 
üì§–í–ö–æ–Ω—Ç–∞–∫—Ç–µ https://vk.com/vestinsk 
 
#–ù–æ–≤–æ–∫—É–π–±—ã—à–µ–≤—Å–∫ #–ù–æ–≤–æ—Å—Ç–∏–ù–æ–≤–æ–∫—É–π–±—ã—à–µ–≤—Å–∫–∞ #–ì–æ—Ä–æ–¥ #Nsk #Novokuibyshevsk #–†–æ—Å—Å–∏—è #–°–∞–º–∞—Ä–∞",1702731289
64,vestinsk,"–£—Ç—Ä–µ–Ω–Ω–∏–π –ù–æ–≤–æ–∫—É–π–±—ã—à–µ–≤—Å–∫‚ù§

‚Ä¢–ù–∞—à–∏ —Å–æ—Ü–∏–∞–ª—å–Ω—ã–µ —Å–µ—Ç–∏‚Ä¢
üì§–¢–µ–ª–µ–≥—Ä–∞–º https://t.me/novokuybishevsk

üì§–í–ö–æ–Ω—Ç–∞–∫—Ç–µ https://vk.com/vestinsk

#–ù–æ–≤–æ–∫—É–π–±—ã—à–µ–≤—Å–∫ #–ù–æ–≤–æ—Å—Ç–∏–ù–æ–≤–æ–∫—É–π–±—ã—à–µ–≤—Å–∫–∞ #–ì–æ—Ä–æ–¥ #Nsk #Novokuibyshevsk #–†–æ—Å—Å–∏—è #–°–∞–º–∞—Ä–∞",1702713093
65,vestinsk,"‚ùÑÔ∏è‚ùÑÔ∏è‚òÉÔ∏è–ü–æ –ø—Ä–æ–≥–Ω–æ–∑–∞–º –ü—Ä–∏–≤–æ–ª–∂—Å–∫–æ–≥–æ –£–ì–ú–° –≤ —ç—Ç–∏ –≤—ã—Ö–æ–¥–Ω—ã–µ —É–∂–µ –ø–æ—Ç–µ–ø–ª–µ–µ—Ç. 
–•–æ–ª–æ–¥–Ω—ã–π –∞–Ω—Ç–∏—Ü–∏–∫–ª–æ–Ω —Å–¥–∞–µ—Ç —Å–≤–æ–∏ –ø–æ–∑–∏—Ü–∏–∏ –∏ –æ—Ç—Å—Ç—É–ø–∞–µ—Ç –Ω–∞ –≤–æ—Å—Ç–æ–∫. –ù–∞ —Å–º–µ–Ω—É –µ–º—É –ø—Ä–∏—Ö–æ–¥–∏—Ç –±–æ–ª–µ–µ —Ç–µ–ø–ª–∞—è –∏ –≤–ª–∞–∂–Ω–∞—è –≤–æ–∑–¥—É—à–Ω–∞—è –º–∞—Å—Å–∞ —Å –ê—Ç–ª–∞–Ω—Ç–∏–∫–∏.

–í —Å—É–±–±–æ—Ç—É, 16 –¥–µ–∫–∞–±—Ä—è, –æ—Ç–≥–æ–ª–æ—Å–∫–∏ —Ü–∏–∫–ª–æ–Ω–∏—á–µ—Å–∫–æ–≥–æ –≤–∏—Ö—Ä—è, –Ω–∞–∑–≤–∞–Ω–Ω—ã–π –Ω–µ–º–µ—Ü–∫–∏–º–∏ –º–µ—Ç–µ–æ—Ä–æ–ª–æ–≥–∞–º–∏ ¬´–í–∞–Ω—è¬ª –∑–∞—Ç—Ä–æ–Ω–µ—Ç –∏ –°–∞–º–∞—Ä—Å–∫—É—é –æ–±–ª–∞—Å—Ç—å.

–û–∂–∏–¥–∞–µ—Ç—Å—è –≤—ã–ø–∞–¥–µ–Ω–∏–µ —Å–Ω–µ–≥–∞. –¢–µ–º–ø–µ—Ä–∞—Ç—É—Ä–Ω—ã–π —Ñ–æ–Ω –ø–æ–≤—ã—Å–∏—Ç—Å—è.

‚Ä¢–ù–∞—à–∏ —Å–æ—Ü–∏–∞–ª—å–Ω—ã–µ —Å–µ—Ç–∏‚Ä¢
üì§–¢–µ–ª–µ–≥—Ä–∞–º https://t.me/novokuybishevsk

üì§–í–ö–æ–Ω—Ç–∞–∫—Ç–µ https://vk.com/vestinsk

#–ù–æ–≤–æ–∫—É–π–±—ã—à–µ–≤—Å–∫ #–ù–æ–≤–æ—Å—Ç–∏–ù–æ–≤–æ–∫—É–π–±—ã—à–µ–≤—Å–∫–∞ #–ì–æ—Ä–æ–¥ #Nsk #Novokuibyshevsk #–†–æ—Å—Å–∏—è #–°–∞–º–∞—Ä–∞",1702710952
66,vestinsk,"–í –°–∞–º–∞—Ä—Å–∫–æ–π –æ–±–ª–∞—Å—Ç–∏ –ì–ò–ë–î–î –ø—Ä–æ–≤–µ–¥—É—Ç —à–∏—Ä–æ–∫–æ–º–∞—Å—à—Ç–∞–±–Ω—ã–µ –ø—Ä–æ—Ñ–∏–ª–∞–∫—Ç–∏—á–µ—Å–∫–∏–µ —Ä–µ–π–¥—ã

–í –ø—Ä–µ–¥–≤—ã—Ö–æ–¥–Ω—ã–µ –∏ –≤—ã—Ö–æ–¥–Ω—ã–µ –¥–Ω–∏, —Å–æ—Ç—Ä—É–¥–Ω–∏–∫–∏ –ì–æ—Å–∞–≤—Ç–æ–∏–Ω—Å–ø–µ–∫—Ü–∏–∏ –ø—Ä–æ–≤–æ–¥—è—Ç —à–∏—Ä–æ–∫–æ–º–∞—Å—Ç—à–∞–±–Ω—ã–µ —Ä–µ–π–¥–æ–≤—ã–µ –º–µ—Ä–æ–ø—Ä–∏—è—Ç–∏—è, –Ω–∞–ø—Ä–∞–≤–ª–µ–Ω–Ω—ã–µ –Ω–∞ –ø—Ä–µ–¥—É–ø—Ä–µ–∂–¥–µ–Ω–∏–µ –¥–æ—Ä–æ–∂–Ω–æ-—Ç—Ä–∞–Ω—Å–ø–æ—Ä—Ç–Ω—ã—Ö –ø—Ä–æ–∏—Å—à–µ—Å—Ç–≤–∏–π. 
 
–í —Ö–æ–¥–µ –º–µ—Ä–æ–ø—Ä–∏—è—Ç–∏–∏ÃÜ –≥–æ—Å–∞–≤—Ç–æ–∏–Ω—Å–ø–µ–∫—Ç–æ—Ä—ã –æ—Å–æ–±–æ–µ –≤–Ω–∏–º–∞–Ω–∏–µ —É–¥–µ–ª—è—Ç –ø—Ä–µ–¥—É–ø—Ä–µ–∂–¥–µ–Ω–∏—é –∏ –ø—Ä–µ—Å–µ—á–µ–Ω–∏—é –ø—Ä–∞–≤–æ–Ω–∞—Ä—É—à–µ–Ω–∏–∏ÃÜ, —è–≤–ª—è—é—â–∏—Ö—Å—è –ø—Ä–∏—á–∏–Ω–∞–º–∏ –∞–≤—Ç–æ–∞–≤–∞—Ä–∏–∏ÃÜ, –Ω–∞ –≤—ã—è–≤–ª–µ–Ω–∏–µ –≥—Ä—É–±—ã—Ö –ø—Ä–∞–≤–æ–Ω–∞—Ä—É—à–µ–Ω–∏–π ‚Äì —É–ø—Ä–∞–≤–ª–µ–Ω–∏–µ —Ç—Ä–∞–Ω—Å–ø–æ—Ä—Ç–Ω—ã–º —Å—Ä–µ–¥—Å—Ç–≤–æ–º –≤ —Å–æ—Å—Ç–æ—è–Ω–∏–∏ –æ–ø—å—è–Ω–µ–Ω–∏—è –∏ –≤—ã–µ–∑–¥ –Ω–∞ –ø–æ–ª–æ—Å—É, –ø—Ä–µ–¥–Ω–∞–∑–Ω–∞—á–µ–Ω–Ω—É—é –¥–ª—è –≤—Å—Ç—Ä–µ—á–Ω–æ–≥–æ –¥–≤–∏–∂–µ–Ω–∏—è. 
 
–†–µ–≥–∏–æ–Ω–∞–ª—å–Ω–∞—è –ì–æ—Å–∞–≤—Ç–æ–∏–Ω—Å–ø–µ–∫—Ü–∏—è –ø—Ä–∏–∑—ã–≤–∞–µ—Ç –≤–æ–¥–∏—Ç–µ–ª–µ–πÃÜ –∫ –æ—Ç–≤–µ—Ç—Å—Ç–≤–µ–Ω–Ω–æ—Å—Ç–∏ –∏ –¥–∏—Å—Ü–∏–ø–ª–∏–Ω–µ –Ω–∞ –¥–æ—Ä–æ–≥–µ! –°–æ–±–ª—é–¥–∞–π—Ç–µ —É—Å—Ç–∞–Ω–æ–≤–ª–µ–Ω–Ω—ã–µ –Ω–æ—Ä–º—ã –∏ –ø—Ä–∞–≤–∏–ª–∞. –ü–æ–º–Ω–∏—Ç–µ, –ª–µ–≥–∫–æ–º—ã—Å–ª–µ–Ω–Ω–æ–µ –æ—Ç–Ω–æ—à–µ–Ω–∏–µ –∫ –ü—Ä–∞–≤–∏–ª–∞–º –¥–æ—Ä–æ–∂–Ω–æ–≥–æ –¥–≤–∏–∂–µ–Ω–∏—è —Ä–∞–Ω–æ –∏–ª–∏ –ø–æ–∑–¥–Ω–æ –ø—Ä–∏–≤–æ–¥–∏—Ç –∫ —Ç—Ä–∞–≥–µ–¥–∏–∏.

‚Ä¢–ù–∞—à–∏ —Å–æ—Ü–∏–∞–ª—å–Ω—ã–µ —Å–µ—Ç–∏‚Ä¢
üì§–¢–µ–ª–µ–≥—Ä–∞–º https://t.me/novokuybishevsk

üì§–í–ö–æ–Ω—Ç–∞–∫—Ç–µ https://vk.com/vestinsk

#–ù–æ–≤–æ–∫—É–π–±—ã—à–µ–≤—Å–∫ #–ù–æ–≤–æ—Å—Ç–∏–ù–æ–≤–æ–∫—É–π–±—ã—à–µ–≤—Å–∫–∞ #–ì–æ—Ä–æ–¥ #Nsk #Novokuibyshevsk #–†–æ—Å—Å–∏—è #–°–∞–º–∞—Ä–∞",1702664400
67,vestinsk,"–ú–æ–∂–µ—Ç –∫—Ç–æ-—Ç–æ –ø–æ—Ç–µ—Ä—è–ª? –•–∞—Å–∫–∏ –Ω–∞—Ö–æ–¥–∏—Ç—Å—è –≤ –ø–∞—Ä–∫–µ —É–∂–µ –Ω–µ—Å–∫–æ–ª—å–∫–æ –¥–Ω–µ–π, —Ç–æ –ª–µ–∂–∏—Ç, —Ç–æ —Å–∏–¥–∏—Ç –≤–æ–∑–ª–µ –¥–æ—Ä–æ–≥–∏, –ø–æ—Å—Ç–æ—è–Ω–Ω–æ –≤—ã–Ω—é—Ö–∏–≤–∞—è —Å–ª–µ–¥—ã –∏ –Ω–µ —É—Ö–æ–¥–∏—Ç —Å —ç—Ç–æ–≥–æ –º–µ—Å—Ç–∞. –ú–æ–∂–µ—Ç —Å–æ—Ä–≤–∞–ª—Å—è, –∞ –º–æ–∂–µ—Ç –ø—Ä–æ—Å—Ç–æ –≤—ã–∫–∏–Ω—É–ª–∏ –µ–≥–æ? –ü–æ–º–æ–≥–∞—é –∏–Ω—Ñ–æ—Ä–º–∞—Ü–∏–æ–Ω–Ω–æ, –µ—Å–ª–∏ –±—ã –Ω–µ –∫–æ—à–∫–∞ (–æ—á–µ–Ω—å –∞–≥—Ä–µ—Å—Å–∏–≤–Ω–∞—è –∫ —Å–æ–±–∞–∫–∞–º) –≤–∑—è–ª–∞ –±—ã –Ω–∞ –ø–µ—Ä–µ–¥–µ—Ä–∂–∫—É. –ò—â–µ–º —Ö–æ–∑—è–µ–≤ –µ—Å–ª–∏ –ø–æ—Ç–µ—Ä—è–ª—Å—è, –ª–∏–±–æ –Ω–æ–≤—ã—Ö —Ö–æ–∑—è–µ–≤ü•∫ü•∫ü•∫ –ë—É–¥—É –æ—á–µ–Ω—å –±–ª–∞–≥–æ–¥–∞—Ä–Ω–∞ –∑–∞ —Ä–µ–ø–æ—Å—Ç—ã –∏ –ª–∞–π–∫–∏.

‚Ä¢–ù–∞—à–∏ —Å–æ—Ü–∏–∞–ª—å–Ω—ã–µ —Å–µ—Ç–∏‚Ä¢
üì§–¢–µ–ª–µ–≥—Ä–∞–º https://t.me/novokuybishevsk

üì§–í–ö–æ–Ω—Ç–∞–∫—Ç–µ https://vk.com/vestinsk

#–ù–æ–≤–æ–∫—É–π–±—ã—à–µ–≤—Å–∫ #–ù–æ–≤–æ—Å—Ç–∏–ù–æ–≤–æ–∫—É–π–±—ã—à–µ–≤—Å–∫–∞ #–ì–æ—Ä–æ–¥ #Nsk #Novokuibyshevsk #–†–æ—Å—Å–∏—è #–°–∞–º–∞—Ä–∞",1702662584
68,vestinsk,"–ü–æ—á—Ç–∏ 1,5 –º–∏–ª–ª–∏–æ–Ω–∞ –≤—ã–º–∞–Ω–∏–ª–∏ —É –∂–∏—Ç–µ–ª–µ–π –ù–æ–≤–æ–∫—É–π–±—ã—à–µ–≤—Å–∫–∞ –º–æ—à–µ–Ω–Ω–∏–∫–∏
–¢–æ–ª—å–∫–æ –∑–∞ –º–∏–Ω—É–≤—à—É—é –Ω–µ–¥–µ–ª—é –ø—è—Ç–µ—Ä—ã—Ö –∂–∏—Ç–µ–ª–µ–π –≥–æ—Ä–æ–¥–∞ –æ–±–º–∞–Ω—É–ª–∏ –Ω–∞ –∫—Ä—É–ø–Ω—ã–µ —Å—É–º–º—ã.

–ö–∞–∫ —Å–æ–æ–±—â–∞—é—Ç –ø–æ–ª–∏—Ü–µ–π—Å–∫–∏–µ, –∑–∞ –º–∏–Ω—É–≤—à—É—é –Ω–µ–¥–µ–ª—é –ø—Ä–æ–∏–∑–æ—à–ª–æ –Ω–µ—Å–∫–æ–ª—å–∫–æ —Å–ª—É—á–∞–µ–≤ –º–æ—à–µ–Ω–Ω–∏—á–µ—Å—Ç–≤–∞, –ø–æ–¥ —Ä–∞–∑–Ω—ã–º–∏ –ø—Ä–µ–¥–ª–æ–≥–∞–º–∏ –∂–∏—Ç–µ–ª–µ–π –ª–∏—à–∏–ª–∏ 1 –º–∏–ª–ª–∏–æ–Ω–∞ 285 —Ç—ã—Å—è—á —Ä—É–±–ª–µ–π –≤ –æ–±—â–µ–π —Å–ª–æ–∂–Ω–æ—Å—Ç–∏.

–î–≤—É—Ö –ø–æ–∂–∏–ª—ã—Ö –∂–µ–Ω—â–∏–Ω –∑–∞—Å—Ç–∞–≤–∏–ª–∏ –∑–∞–ø–ª–∞—Ç–∏—Ç—å –∑–∞ —è–∫–æ–±—ã –ª–µ—á–µ–Ω–∏–µ –±–ª–∏–∑–∫–æ–≥–æ, –ø–æ–ø–∞–≤—à–µ–≥–æ –≤ –î–¢–ü, –µ—â–µ –¥–≤–µ –∂–µ–Ω—â–∏–Ω—ã –æ—Ñ–æ—Ä–º–∏–ª–∏ –ø—Ä–µ—Å–µ–∫–∞–ª–∏ –æ—Ñ–æ—Ä–º–ª–µ–Ω–∏–µ –∫—Ä–µ–¥–∏—Ç–∞.

–ü–æ–ª–∏—Ü–∏—è –≤ –æ—á–µ—Ä–µ–¥–Ω–æ–π —Ä–∞–∑ –ø—Ä–µ–¥—É–ø—Ä–µ–∂–¥–∞–µ—Ç: —á—Ç–æ–±—ã –Ω–µ —Å—Ç–∞—Ç—å –∂–µ—Ä—Ç–≤–æ–π –º–æ—à–µ–Ω–Ω–∏–∫–æ–≤, —Å–ª–µ–¥—É–π—Ç–µ –Ω–µ –æ—á–µ–Ω—å —Å–ª–æ–∂–Ω—ã–º –ø—Ä–∞–≤–∏–ª–∞–º: 
 
–ø—Ä–∏ —Ç–µ–ª–µ—Ñ–æ–Ω–Ω–æ–º –∑–≤–æ–Ω–∫–µ –æ—Ç –∏–º–µ–Ω–∏ —è–∫–æ–±—ã —Ä–æ–¥—Å—Ç–≤–µ–Ω–Ω–∏–∫–æ–≤ –∏ —Å–æ–æ–±—â–µ–Ω–∏–∏ –æ —Ç—Ä—É–¥–Ω–æ–π —Å–∏—Ç—É–∞—Ü–∏–∏ —Å–ª–µ–¥—É–µ—Ç –¥–æ–∑–≤–æ–Ω–∏—Ç—å—Å—è –¥–æ —Ä–æ–¥–Ω—ã—Ö –∏ –±–ª–∏–∑–∫–∏—Ö, –æ –∫–æ—Ç–æ—Ä—ã—Ö –∏–¥—ë—Ç —Ä–µ—á—å, –≤—ã—è—Å–Ω–∏—Ç—å –ø–æ–¥—Ä–æ–±–Ω–æ—Å—Ç–∏ —Å–ª—É—á–∏–≤—à–µ–≥–æ—Å—è, –∞ –Ω–µ –ø–µ—Ä–µ–≤–æ–¥–∏—Ç—å –∏ –Ω–µ –æ—Ç–¥–∞–≤–∞—Ç—å –¥–µ–Ω—å–≥–∏ –Ω–µ–∑–Ω–∞–∫–æ–º—ã–º –ª—é–¥—è–º; 
 
–ø–µ—Ä–µ–∑–≤–æ–Ω–∏—Ç—å (–∞ –ª—É—á—à–µ –≤—Å–µ–≥–æ –ø–æ–¥–æ–π—Ç–∏) –≤ –ª—é–±–æ–µ –æ—Ç–¥–µ–ª–µ–Ω–∏–µ –±–∞–Ω–∫–∞, –æ—Ç –∏–º–µ–Ω–∏ –∫–æ—Ç–æ—Ä–æ–≥–æ –ø—Ä–∏—à–ª–æ —Å–æ–æ–±—â–µ–Ω–∏–µ –æ –ø—Ä–æ–±–ª–µ–º–∞—Ö –æ–±—Å–ª—É–∂–∏–≤–∞–Ω–∏—è –ø–æ —Ä–∞—Å—á—ë—Ç–Ω–æ–º—É —Å—á—ë—Ç—É/–∫–∞—Ä—Ç–µ, –∏ —Ä–µ—à–∏—Ç—å –≤—Å–µ –≤–æ–∑–Ω–∏–∫—à–∏–µ –≤–æ–ø—Ä–æ—Å—ã. –ú–æ–∂–Ω–æ —Ç–∞–∫–∂–µ –ø–æ–∑–≤–æ–Ω–∏—Ç—å —Å–≤–æ–∏–º –±–ª–∏–∑–∫–∏–º, –∫–æ—Ç–æ—Ä—ã–µ —Ö–æ—Ä–æ—à–æ —Ä–∞–∑–±–∏—Ä–∞—é—Ç—Å—è –≤ —Å–æ–≤—Ä–µ–º–µ–Ω–Ω—ã—Ö —Ç–µ—Ö–Ω–æ–ª–æ–≥–∏—è—Ö, —Ä–∞—Å—Å–∫–∞–∑–∞—Ç—å –æ –ø–æ—Å—Ç—É–ø–∏–≤—à–µ–º —Å–æ–æ–±—â–µ–Ω–∏–∏ –∏ —Å–ø—Ä–æ—Å–∏—Ç—å —Å–æ–≤–µ—Ç–∞. 
 
–°–ª–µ–¥—É–µ—Ç –∑–∞–ø–æ–º–Ω–∏—Ç—å: –Ω–∏ –æ–¥–∏–Ω –±–∞–Ω–∫ –Ω–µ –±—É–¥–µ—Ç –ø—Ä–æ—Å–∏—Ç—å –≤–ª–∞–¥–µ–ª—å—Ü–∞ –∫–∞—Ä—Ç—ã —Å–æ–≤–µ—Ä—à–∞—Ç—å –∫–∞–∫–∏–µ-–ª–∏–±–æ –¥–µ–π—Å—Ç–≤–∏—è –ø–æ —Ç–µ–ª–µ—Ñ–æ–Ω—É –∏–ª–∏ —Å–æ–æ–±—â–∞—Ç—å —Ä–µ–∫–≤–∏–∑–∏—Ç—ã –∫–∞—Ä—Ç—ã; 
 
–ù–µ —Å–æ–æ–±—â–∞—Ç—å –Ω–µ–∑–Ω–∞–∫–æ–º—ã–º –ª—é–¥—è–º (–∫–∞–∫ –ø—Ä–∏ –ª–∏—á–Ω–æ–º –∫–æ–Ω—Ç–∞–∫—Ç–µ, —Ç–∞–∫ –∏ –ø–æ —Ç–µ–ª–µ—Ñ–æ–Ω—É –∏–ª–∏ –∏–Ω—Ç–µ—Ä–Ω–µ—Ç-–ø–µ—Ä–µ–ø–∏—Å–∫–µ) –¥–∞–Ω–Ω—ã–µ –æ —Å–µ–±–µ, —Å–≤–æ–∏—Ö –±–ª–∏–∑–∫–∏—Ö, —Ä–æ–¥—Å—Ç–≤–µ–Ω–Ω–∏–∫–∞—Ö, –±–∞–Ω–∫–æ–≤—Å–∫–∏—Ö –∫–∞—Ä—Ç–∞—Ö, —Ç–æ –µ—Å—Ç—å –ª—é–±—É—é –∫–æ–Ω—Ñ–∏–¥–µ–Ω—Ü–∏–∞–ª—å–Ω—É—é (–ª–∏—á–Ω—É—é) –∏–Ω—Ñ–æ—Ä–º–∞—Ü–∏—é.

‚Ä¢–ù–∞—à–∏ —Å–æ—Ü–∏–∞–ª—å–Ω—ã–µ —Å–µ—Ç–∏‚Ä¢
üì§–¢–µ–ª–µ–≥—Ä–∞–º https://t.me/novokuybishevsk

üì§–í–ö–æ–Ω—Ç–∞–∫—Ç–µ https://vk.com/vestinsk

#–ù–æ–≤–æ–∫—É–π–±—ã—à–µ–≤—Å–∫ #–ù–æ–≤–æ—Å—Ç–∏–ù–æ–≤–æ–∫—É–π–±—ã—à–µ–≤—Å–∫–∞ #–ì–æ—Ä–æ–¥ #Nsk #Novokuibyshevsk #–†–æ—Å—Å–∏—è #–°–∞–º–∞—Ä–∞",1702659373
69,vestinsk,"–ê–Ω–æ–Ω–∏–º–Ω–æ. 
–ü–æ—Å–ª–µ –º–Ω–æ–≥–æ—á–∏—Å–ª–µ–Ω–Ω—ã—Ö –∂–∞–ª–æ–± –ø–æ –ø–æ–≤–æ–¥—É –º–∞—Ä—à—Ä—É—Ç–∞ 429, –æ–Ω–∏ –≤–æ–æ–±—â–µ —Ö–æ–¥–∏—Ç—å –ø–µ—Ä–µ—Å—Ç–∞–ª–∏?üòÇ —É–∂–µ –∫–∞–∫–æ–π –¥–µ–Ω—å —É—Ç—Ä–æ–º –≤ 7 —É—Ç—Ä–∞ –∏—Ö –Ω–µ –¥–æ–∂–¥–∞—Ç—å—Å—è. –ò—Ö –±–æ–ª—å—à–µ –Ω–µ –±—É–¥–µ—Ç? –ò–ª–∏ –∫–∞–∫ –æ–Ω–∏ –µ–∑–¥—è—Ç —Ç–æ?

‚Ä¢–ù–∞—à–∏ —Å–æ—Ü–∏–∞–ª—å–Ω—ã–µ —Å–µ—Ç–∏‚Ä¢
üì§–¢–µ–ª–µ–≥—Ä–∞–º https://t.me/novokuybishevsk

üì§–í–ö–æ–Ω—Ç–∞–∫—Ç–µ https://vk.com/vestinsk

#–ù–æ–≤–æ–∫—É–π–±—ã—à–µ–≤—Å–∫ #–ù–æ–≤–æ—Å—Ç–∏–ù–æ–≤–æ–∫—É–π–±—ã—à–µ–≤—Å–∫–∞ #–ì–æ—Ä–æ–¥ #Nsk #Novokuibyshevsk #–†–æ—Å—Å–∏—è #–°–∞–º–∞—Ä–∞",1702650600
70,novokuybyshevsk_reklama,"–ü–ª–∞—Ç—å–µ –Ω–∞ –º–æ–ª–Ω–∏–∏, —Å –∫—Ä–∞—Å–∏–≤—ã–º –ø—Ä–æ–∑—Ä–∞—á–Ω—ã–º –≤–µ—Ä—Ö–æ–º –∏ —Ä—É–∫–∞–≤–∞–º–∏ –≤ –≥–æ—Ä–æ—à–µ–∫. –† 40‚Äì44 (XS‚ÄìS). üìè–î–ª —Ä—É–∫–∞–≤–∞‚Äî60 —Å–º, –î–ª –∏–∑–¥–µ–ª–∏—è‚Äî80 —Å–º = 500 ‚ÇΩ. 
–°–æ—Å—Ç–æ—è–Ω–∏–µ –Ω–æ–≤–æ–≥–æ. 

‚ùå –ü–æ –°–∞–º–∞—Ä–µ –∏ –æ–±–ª–∞—Å—Ç–∏, –†–æ—Å—Å–∏–∏ –Ω–µ –¥–æ—Å—Ç–∞–≤–ª—è—é –∏ –Ω–µ –æ—Ç–ø—Ä–∞–≤–ª—è—é.

‚òÄ –ó–∞—Ö–æ–¥–∏—Ç–µ –≤ –ø—Ä–æ—Ñ–∏–ª—å, —Ç–∞–º –±–æ–ª—å—à–µ –∞—Å—Å–æ—Ä—Ç–∏–º–µ–Ω—Ç–∞.
‚ùì–ü–æ –≤–æ–ø—Ä–æ—Å–∞–º –ø–∏—à–∏—Ç–µ –≤ –õ–° –∏–ª–∏ –∑–≤–æ–Ω–∏—Ç–µ –ø–æ —Ç–µ–ª–µ—Ñ–æ–Ω—É.",1703316474
71,novokuybyshevsk_reklama,"–†–ê–ë–û–¢–ê –í–ê–•–¢–û–í–´–ú –ú–ï–¢–û–î–û–ú ! 
 
üõ†–ù–∞ —Å—Ç—Ä–æ–∏—Ç–µ–ª—å–Ω—ã–µ —Ä–∞–±–æ—Ç—ã —Ç—Ä–µ–±—É—é—Ç—Å—è:üõ† 
 
‚óè –ê–†–ú–ê–¢–£–†–©–ò–ö–ò, –ë–ï–¢–û–ù–©–ò–ö–ò, –ü–õ–û–¢–ù–ò–ö–ò (74 000 - 80 000 —Ä—É–± –≤ –º–µ—Å) 
‚óè –≠–ì–° (86 000 - 116 000 —Ä—É–± –≤ –º–µ—Å) 
‚óè –ú–û–ù–¢–ê–ñ–ù–ò–ö–ò –°–¢ –∏ –ñ–ë–ö (74 000 - 95 000 —Ä—É–± –≤ –º–µ—Å) 
‚óè –°–õ–ï–°–ê–†–¨ –º–µ—Ö–∞–Ω–æ—Å–±–æ—Ä–æ—á–Ω—ã—Ö —Ä–∞–±–æ—Ç (103 000 —Ä—É–± –≤ –º–µ—Å) 
‚óè –û–ü–ï–†–ê–¢–û–† –ü–£ –Ω–∞ –ª–∏—Å—Ç–æ–≥–∏–± (129 000 —Ä—É–± –≤ –º–µ—Å) 
‚óè –û–ü–ï–†–ê–¢–û–† –ü–£ –Ω–∞ –ª–∞–∑–µ—Ä–Ω—É—é —Ä–µ–∑–∫—É (129 000 —Ä—É–± –≤ –º–µ—Å) 
‚óè –≠–õ–ï–ö–¢–†–û–ú–û–ù–¢–ï–†–´ (–ø—Ä–æ–≥—Ä–µ–≤ –±–µ—Ç–æ–Ω–∞) (83 000 —Ä—É–± –≤ –º–µ—Å) 
‚óè –ö–ê–ú–ï–ù–©–ò–ö–ò (118 000 —Ä—É–± –≤ –º–µ—Å) 
 
üçΩ–ù–∞ –ø–∏—â–µ–≤—É—é –ø—Ä–æ–º—ã—à–ª–µ–Ω–Ω–æ—Å—Ç—å (–¥–ª—è –º—É–∂—á–∏–Ω –∏ –∂–µ–Ω—â–∏–Ω) —Ç—Ä–µ–±—É—é—Ç—Å—è:üçΩ 
 
‚óè –£–ö–õ–ê–î–ß–ò–ö–ò - –£–ü–ê–ö–û–í–©–ò–ö–ò (60 000 - 70 000 —Ä—É–± –≤ –º–µ—Å) 
‚óè –ì–†–£–ó–ß–ò–ö–ò (65 000 —Ä—É–± –≤ –º–µ—Å) 
‚óè –ö–û–ù–î–ò–¢–ï–†–´ (74 000 —Ä—É–± –≤ –º–µ—Å ) 
‚óè –û–ü–ï–†–ê–¢–û–† —Ä–∏—á—Ç—Ä–∞–∫–∞ (98 000 —Ä—É–± –≤ –º–µ—Å) 
‚óè –í–û–î–ò–¢–ï–õ–¨ –ø–æ–≥—Ä—É–∑—á–∏–∫–∞ (98 000 —Ä—É–± –≤ –º–µ—Å) 
‚óè –ö–õ–ê–î–û–í–©–ò–ö–ò (74 000 —Ä—É–± –≤ –º–µ—Å) 
‚óè –ö–û–ú–ü–õ–ï–ö–¢–û–í–©–ò–ö–ò (77 000 - 83 000 —Ä—É–± –≤ –º–µ—Å) 
 
üìÖ–ì—Ä–∞—Ñ–∏–∫ –≤–∞—Ö—Ç—ã 45/15, 60/30 
 
–ú—ã –ø—Ä–µ–¥–ª–∞–≥–∞–µ–º: 
ü•á–ü—Ä–æ–µ–∑–¥ –≤ –æ–±–µ —Å—Ç–æ—Ä–æ–Ω—ã, –ø—Ä–æ–∂–∏–≤–∞–Ω–∏–µ, –ø–∏—Ç–∞–Ω–∏–µ, –º–µ–¥. –æ—Å–º–æ—Ç—Ä, —Å–ø–µ—Ü –æ–¥–µ–∂–¥–∞, —Å–ª—É–∂–µ–±–Ω—ã–π —Ç—Ä–∞–Ω—Å–ø–æ—Ä—Ç, –≤—Å–µ –∑–∞ —Å—á–µ—Ç –æ—Ä–≥–∞–Ω–∏–∑–∞—Ü–∏–∏ 
ü•à–û—Ñ–∏—Ü–∏–∞–ª—å–Ω–æ–µ —Ç—Ä—É–¥–æ—É—Å—Ç—Ä–æ–π—Å—Ç–≤–æ –ø–æ –¢–ö –†–§, –ü–µ—Ä–µ–¥–∞–µ–º —Å—Ç–∞–∂ –≤ –ü–§–† 
ü•â–ü–µ—Ä–µ–≤–æ–¥ –∑–∞—Ä–ø–ª–∞—Ç—ã –Ω–∞ –±–∞–Ω–∫–æ–≤—Å–∫—É—é –∫–∞—Ä—Ç—É, –≤–æ–∑–º–æ–∂–µ–Ω –ø–µ—Ä–µ–≤–æ–¥ –∑–∞—Ä–∞–±–æ—Ç–Ω–æ–π –ø–ª–∞—Ç—ã —Ç—Ä–µ—Ç—å–µ–º—É –ª–∏—Ü—É 
 
* –¢—Ä—É–¥–æ—É—Å—Ç—Ä–æ–π—Å—Ç–≤–æ –±–µ—Å–ø–ª–∞—Ç–Ω–æ–µ ! * 
 
–ø–æ –≤—Å–µ–º –≤–æ–ø—Ä–æ—Å–∞–º –æ–±—Ä–∞—â–∞—Ç—å—Å—è 89199001139 
(–ø–æ–¥–∫–ª—é—á—ë–Ω WhatsApp) 
–ö—Ä–∏—Å—Ç–∏–Ω–∞ üí¨",1703316432
72,novokuybyshevsk_reklama,–ü—Ä–æ–¥–∞—ë—Ç—Å—è –∫–æ–ª—è—Å–∫–∞ adamex,1703316410
73,novokuybyshevsk_reklama,"–ë–æ—Ç–∏–ª—å–æ–Ω—ã –∏–∑ –Ω–∞—Ç—É—Ä–∞–ª—å–Ω–æ–π –∑–∞–º—à–∏, —Ç—ë–º–Ω–æ-—Å–∏–Ω–µ–≥–æ —Ü–≤–µ—Ç–∞, —Ñ–∏—Ä–º–∞ Gabor- –Ω–µ–º–µ—Ü–∫–æ–µ –∫–∞—á–µ—Å—Ç–≤–æ, 41 (8) —Ä–∞–∑–º–µ—Ä –≤ –æ—Ç–ª–∏—á–Ω–æ–º —Å–æ—Å—Ç–æ—è–Ω–∏–∏. –ü–æ–¥–æ–π–¥—É—Ç –Ω–∞ 26,5-27 —Å–º —Ä–∞–∑–º–µ—Ä –Ω–æ–≥–∏, —É–∑–∫–∏–π –∏–ª–∏ —Å—Ä–µ–¥–Ω–∏–π –ø–æ–ª–Ω–æ—Ç—ã, –æ—Ç—Ä–µ–≥—É–ª–∏—Ä–æ–≤–∞—Ç—å –º–æ–∂–Ω–æ —à–Ω—É—Ä–∫–æ–º. –ö–∞–±–ª—É–∫ 8 —Å–º - –æ—á–µ–Ω—å —É–¥–æ–±–Ω—ã–π, –Ω–µ –æ—â—É—â–∞–µ—Ç—Å—è.
P.S. –í –ø—Ä–æ—Ñ–∏–ª–µ –º–Ω–æ–≥–æ –æ–±—É–≤–∏ 40,5-41 —Ä–∞–∑–º–µ—Ä–∞. –†–∞–∑–≥—Ä—É–∂–∞—é –≥–∞—Ä–¥–µ—Ä–æ–±",1703316401
74,novokuybyshevsk_reklama,–°–æ—Å—Ç–æ—è–Ω–∏–µ –∫–∞–∫ –Ω–æ–≤–æ–µ,1703316367
75,novokuybyshevsk_reklama,"–ö—É–ø–ª—é, –Ω–∏–≤—É, —Ç–∞–∫ –∂–µ –ª–µ–≥–∫–æ–≤—ã–µ –∞–≤—Ç–æ, –£–ù–ò–í–ï–†–°–ê–õ, –ø–∏—à–∏—Ç–µ –≤ –ª—Å ! –ò–ª–∏ –ø–æ —Ç–µ–ª 89170130605",1703316363
76,novokuybyshevsk_reklama,"–ö–£–ü–õ–Æ –î–û–†–û–ì–û –°–û–í–ï–¢–°–ö–ò–ï –†–ê–î–ò–û–î–ï–¢–ê–õ–ò, –ü–õ–ê–¢–´, –ò–ó–ú–ï–†–ò–¢–ï–õ–¨–ù–´–ï –ü–†–ò–ë–û–†–´, –ê–í–¢–û–ú–û–ë–ò–õ–¨–ù–´–ï –∫–∞—Ç–∞–ª–∏–∑–∞—Ç–æ—Ä—ã. –†–∞–¥–∏–æ—Å—Ç–∞–Ω—Ü–∏–∏, —Ä–∞—Ü–∏–∏, –û—Å—Ü–∏–ª–ª–æ–≥—Ä–∞—Ñ—ã, —á–∞—Å—Ç–æ—Ç–æ–º–µ—Ä—ã, –≥–µ–Ω–µ—Ä–∞—Ç–æ—Ä—ã —á–∞—Å—Ç–æ—Ç—ã, –∞–Ω–∞–ª–∏–∑–∞—Ç–æ—Ä—ã, –¢–µ—Ä–º–æ–ø–∞—Ä—ã –¢–ü–ü, –¢–ü–†, –†–ï–î–ö–û–ó–ï–ú–ï–õ–¨–ù–´–ï –ú–ï–¢–ê–õ–õ–´, —Ä–µ–≥–∏—Å—Ç—Ä–∏—Ä—É—é—â–∏–µ –ø—Ä–∏–±–æ—Ä—ã –ö–°–ü, –ö–°–ú.., –°–∞–º–æ–ø–∏—Å—Ü—ã, –ö–ò–ü–∏–ê, —Å–ø–∏—Å–∞–Ω–Ω—ã–µ –∞–≤–∏–∞—Ü–∏–æ–Ω–Ω—ã–µ –±–ª–æ–∫–∏, –≠–ª–µ–∫—Ç—Ä–æ–Ω–∏–∫–∞, –≠–í–ú, –≥–∏—Ä–æ—Å–∫–æ–ø—ã, –†–ï–û–•–û–†–î–´, —Å–æ–≤–µ—Ç—Å–∫–∏–µ –ê–¢–°, –±–ª–æ–∫–∏ –ú–ö–°, –∫–æ–Ω–¥–µ–Ω—Å–∞—Ç–æ—Ä—ã –ö–ú, –ª–∞–º–ø—ã, —Ç—Ä–∞–Ω–∑–∏—Å—Ç–æ—Ä—ã, –ø–µ—Ä–µ–∫–ª—é—á–∞—Ç–µ–ª–∏, —Ç—É–º–±–ª–µ—Ä—ã, –º–∏–∫—Ä–æ—Å—Ö–µ–º—ã, —Ä–∞–∑—ä–µ–º—ã, –∫–æ–Ω—Ç–∞–∫—Ç–æ—Ä—ã, –ø–æ—Ç–µ–Ω—Ü–∏–æ–º–µ—Ç—Ä—ã, –ö–û–ù–¢–ê–ö–¢–´ —Å –ü–£–°–ö–ê–¢–ï–õ–ï–ô, –¢–µ—Ö–Ω–∏—á–µ—Å–∫–æ–µ –∏ –¥—Ä—É–≥–æ–µ –°–ï–†–ï–ë–†–û, –ø–∞—Ç—Ä–æ–Ω—ã –¥–ª—è –ø—Ä–æ—Ç–∏–≤–æ–≥–∞–∑–æ–≤ –î–ü-2, –î–ø-4, –î–æ–Ω-2, –§–≥-120, –∞–∫–∫—É–º—É–ª—è—Ç–æ—Ä—ã –°–¶, –°–¶–°..–∏ —Ç–¥, —Å—Ä–µ–∑–∫–∞ —Å –ø–ª–∞—Ç, –∫–æ—Ä–ø—É—Å–∞ –∏ –±—Ä–∞—Å–ª–µ—Ç—ã —Å –∂–µ–ª—Ç—ã—Ö —Å–æ–≤–µ—Ç—Å–∫–∏—Ö –Ω–∞—Ä—É—á–Ω—ã—Ö —á–∞—Å–æ–≤. –í—Å–µ–≤–æ–∑–º–æ–∂–Ω—ã–µ –ø—Ä–µ–¥–º–µ—Ç—ã —Å—Ç–∞—Ä–∏–Ω—ã. (—Ç–µ–ª–µ–≤–∏–∑–æ—Ä—ã, –º–∞–≥–Ω–∏—Ç–æ—Ñ–æ–Ω—ã, —Ä–∞–¥–∏–æ - –ù–ï –ë–ï–†–ï–ú). –í–´–ï–ó–î –≤ –†–ê–ô–û–ù–´ –∏ –ø–æ –°–¢–†–ê–ù–ï. +79186633633 (–ë—ã—Å—Ç—Ä—ã–π –æ—Ç–≤–µ—Ç - –í–∞—Ç—Å–∞–ø –∏–ª–∏ –í–∞–π–±–µ—Ä).",1703055430
77,novokuybyshevsk_reklama,–î–µ—Ç—Å–∫–∏–µ –æ–¥–µ–∂–¥–∞ –¥–ª—è –¥–µ–≤–æ—á–µ–∫,1703055424
78,novokuybyshevsk_reklama,–°–æ—Å—Ç–æ—è–Ω–∏–∏ –∫–∞–∫ –Ω–æ–≤–æ–µ,1703055419
79,novokuybyshevsk_reklama,–ó–∏–º–Ω–∏–π –ö–æ–º–±–∏–Ω–µ–∑–æ–Ω –∏ —à–∞–ø–∫–∞,1703055415
80,novokuybyshevsk_reklama,"–û–ø—ã—Ç–Ω—ã–π —Ä–µ–ø–µ—Ç–∏—Ç–æ—Ä —Ñ–∏–∑–∏–∫–∞ –º–∞—Ç–µ–º–∞—Ç–∏–∫–∞, –º–æ–≥—É –¥–∏—Å—Ç–∞–Ω—Ü–∏–æ–Ω–Ω–æ 89276870567",1703055410
81,novokuybyshevsk_reklama,"–ö—É–ø–ª—é, –Ω–∏–≤—É, —Ç–∞–∫ –∂–µ –ª–µ–≥–∫–æ–≤—ã–µ –∞–≤—Ç–æ, –£–ù–ò–í–ï–†–°–ê–õ, –ø–∏—à–∏—Ç–µ –≤ –ª—Å ! –ò–ª–∏ –ø–æ —Ç–µ–ª 89170130605",1703055404
82,novokuybyshevsk_reklama,,1703055400
83,novokuybyshevsk_reklama,–ü—Ä–æ–¥–∞—é –¥–µ—Ç—Å–∫–∏–µ —ç–ª–µ–∫—Ç—Ä–æ–Ω–Ω—ã–µ –∫–∞—á–µ–ª–∏.,1703055383
84,novokuybyshevsk_reklama,"–ü—Ä–æ–¥–∞—ë—Ç—Å—è 1/2 –∫–∏—Ä–ø–∏—á–Ω–æ–≥–æ –¥–æ–º–∞ 1985 –≥. –ø–æ—Å—Ç—Ä–æ–π–∫–∏. –¶–µ–Ω—Ç—Ä —Å–µ–ª–∞. –ê—Å—Ñ–∞–ª—å—Ç–∏—Ä–æ–≤–∞–Ω–Ω–∞—è –¥–æ—Ä–æ–≥–∞ —Ä—è–¥–æ–º. –í –¥–æ–º–µ —Ç–µ–ø–ª—ã–π —Ç—É–∞–ª–µ—Ç, –¥—É—à, –Ω–æ–≤—ã–π –≥–∞–∑–æ–≤—ã–π –∫–æ—Ç–µ–ª, —Å—á–µ—Ç—á–∏–∫–∏ –Ω–∞ –≤–æ–¥—É –≥–∞–∑, —ç–ª–µ–∫—Ç—Ä–∏—á–µ—Å—Ç–≤–æ, –¥–≤–∞ –∫–∞–Ω–∞–ª–∏–∑–∞—Ü–∏–æ–Ω–Ω—ã—Ö –∫–æ–ª–æ–¥—Ü–∞. –ù–∞–¥–≤–æ—Ä–Ω—ã–µ –ø–æ—Å—Ç—Ä–æ–π–∫–∏: –≥–∞—Ä–∞–∂, —Å–∞—Ä–∞–∏, –±–∞–Ω—è,–ø–æ–≥—Ä–µ–±, –ø–∞–ª–∏—Å–∞–¥–Ω–∏–∫–∏. –¢–æ—Ä–≥ –ø—Ä–∏ –æ—Å–º–æ—Ç—Ä–µ.",1703055373
85,novokuybyshevsk_reklama,–ü—Ä–æ–¥–∞—ë—Ç—Å—è 3—Ö–ª —Ä–∞–∑–º–µ—Ä–∞ –∫–æ—Å—Ç—é–º,1703055367
86,novokuybyshevsk_reklama,–º—É–∑—ã–∫–∞–ª—å–Ω–∞—è –∞–ø–ø–∞—Ä–∞—Ç—É—Ä–∞,1703054886
87,novokuybyshevsk_reklama,"–¢—É—Ñ–ª–∏ –∏–∑ –Ω–∞—Ç—É—Ä–∞–ª—å–Ω–æ–π –∫–æ–∂–∏, –ø—Ä–æ–∏–∑–≤–æ–¥—Å—Ç–≤–æ –ì—Ä–µ—Ü–∏—è, –ø–æ —Å—Ç–µ–ª—å–∫–µ 26- 26,5 —Å–º, –∫–∞–±–ª—É–∫ 7,5—Å–º, —Ä–µ–∑–∏–Ω–∫–∞ –Ω–∞ –Ω–æ—Å–æ–≤–æ–π —á–∞—Å—Ç–∏ —Å–∞–¥–∏—Ç—Å—è –ø–æ –ø–æ–¥—ä–µ–º—É –Ω–æ–≥–∏. –û—á–µ–Ω—å —ç–ª–µ–≥–∞–Ω—Ç–Ω–æ —Å–º–æ—Ç—Ä—è—Ç—Å—è –Ω–∞ –Ω–æ–≥–µ, –∫–æ–º—Ñ–æ—Ä—Ç–Ω—ã –≤ –Ω–æ—Å–∫–µ, –æ–±—É—Ç—ã —Ä–∞–∑ 5-6, –≤ –æ—Ç–ª–∏—á–Ω–æ–º —Å–æ—Å—Ç–æ—è–Ω–∏–∏, –∏–º–µ—é—Ç—Å—è –Ω–µ–∑–Ω–∞—á–∏—Ç–µ–ª—å–Ω—ã–µ –ø–æ—Ç–µ—Ä—Ç–æ—Å—Ç–∏ –≤–Ω—É—Ç—Ä–∏.
P.S. –†–∞–∑–≥—Ä—É–∂–∞—é –≥–∞—Ä–¥–µ—Ä–æ–±, —Å—Ç–∞–ª–∏ –º–∞–ª–æ–≤–∞—Ç—ã‚Ä¶
–í –ø—Ä–æ—Ñ–∏–ª–µ –º–Ω–æ–≥–æ –æ–±—É–≤–∏ 40,5- 41 —Ä–∞–∑–º–µ—Ä",1703054870
88,novokuybyshevsk_reklama,"–ü—Ä–æ–¥–∞–º –¥–µ–∫–æ—Ä–∞—Ç–∏–≤–Ω—ã–µ –∫—Ä–æ–ª–∏–∫–∏üê∞üêá , –Ω–∞—Ö–æ–¥–∏—Ç—Å—è –≤ –í–æ–ª–≥–∞—Ä—å. 500 —Ä—É–±. –ó–≤–æ–Ω–∏—Ç–µ –ø–æ —Ç–µ–ª",1703054851
89,novokuybyshevsk_reklama,"–ö–£–ü–õ–Æ –î–û–†–û–ì–û –°–û–í–ï–¢–°–ö–ò–ï –†–ê–î–ò–û–î–ï–¢–ê–õ–ò, –ü–õ–ê–¢–´, –ò–ó–ú–ï–†–ò–¢–ï–õ–¨–ù–´–ï –ü–†–ò–ë–û–†–´, –ê–í–¢–û–ú–û–ë–ò–õ–¨–ù–´–ï –∫–∞—Ç–∞–ª–∏–∑–∞—Ç–æ—Ä—ã. –†–∞–¥–∏–æ—Å—Ç–∞–Ω—Ü–∏–∏, —Ä–∞—Ü–∏–∏, –û—Å—Ü–∏–ª–ª–æ–≥—Ä–∞—Ñ—ã, —á–∞—Å—Ç–æ—Ç–æ–º–µ—Ä—ã, –≥–µ–Ω–µ—Ä–∞—Ç–æ—Ä—ã —á–∞—Å—Ç–æ—Ç—ã, –∞–Ω–∞–ª–∏–∑–∞—Ç–æ—Ä—ã, –¢–µ—Ä–º–æ–ø–∞—Ä—ã –¢–ü–ü, –¢–ü–†, –†–ï–î–ö–û–ó–ï–ú–ï–õ–¨–ù–´–ï –ú–ï–¢–ê–õ–õ–´, —Ä–µ–≥–∏—Å—Ç—Ä–∏—Ä—É—é—â–∏–µ –ø—Ä–∏–±–æ—Ä—ã –ö–°–ü, –ö–°–ú.., –°–∞–º–æ–ø–∏—Å—Ü—ã, –ö–ò–ü–∏–ê, —Å–ø–∏—Å–∞–Ω–Ω—ã–µ –∞–≤–∏–∞—Ü–∏–æ–Ω–Ω—ã–µ –±–ª–æ–∫–∏, –≠–ª–µ–∫—Ç—Ä–æ–Ω–∏–∫–∞, –≠–í–ú, –≥–∏—Ä–æ—Å–∫–æ–ø—ã, –†–ï–û–•–û–†–î–´, —Å–æ–≤–µ—Ç—Å–∫–∏–µ –ê–¢–°, –±–ª–æ–∫–∏ –ú–ö–°, –∫–æ–Ω–¥–µ–Ω—Å–∞—Ç–æ—Ä—ã –ö–ú, –ª–∞–º–ø—ã, —Ç—Ä–∞–Ω–∑–∏—Å—Ç–æ—Ä—ã, –ø–µ—Ä–µ–∫–ª—é—á–∞—Ç–µ–ª–∏, —Ç—É–º–±–ª–µ—Ä—ã, –º–∏–∫—Ä–æ—Å—Ö–µ–º—ã, —Ä–∞–∑—ä–µ–º—ã, –∫–æ–Ω—Ç–∞–∫—Ç–æ—Ä—ã, –ø–æ—Ç–µ–Ω—Ü–∏–æ–º–µ—Ç—Ä—ã, –ö–û–ù–¢–ê–ö–¢–´ —Å –ü–£–°–ö–ê–¢–ï–õ–ï–ô, –¢–µ—Ö–Ω–∏—á–µ—Å–∫–æ–µ –∏ –¥—Ä—É–≥–æ–µ –°–ï–†–ï–ë–†–û, –ø–∞—Ç—Ä–æ–Ω—ã –¥–ª—è –ø—Ä–æ—Ç–∏–≤–æ–≥–∞–∑–æ–≤ –î–ü-2, –î–ø-4, –î–æ–Ω-2, –§–≥-120, –∞–∫–∫—É–º—É–ª—è—Ç–æ—Ä—ã –°–¶, –°–¶–°..–∏ —Ç–¥, —Å—Ä–µ–∑–∫–∞ —Å –ø–ª–∞—Ç, –∫–æ—Ä–ø—É—Å–∞ –∏ –±—Ä–∞—Å–ª–µ—Ç—ã —Å –∂–µ–ª—Ç—ã—Ö —Å–æ–≤–µ—Ç—Å–∫–∏—Ö –Ω–∞—Ä—É—á–Ω—ã—Ö —á–∞—Å–æ–≤. –í—Å–µ–≤–æ–∑–º–æ–∂–Ω—ã–µ –ø—Ä–µ–¥–º–µ—Ç—ã —Å—Ç–∞—Ä–∏–Ω—ã. –í–´–ï–ó–î –≤ –†–ê–ô–û–ù–´ –∏ –ø–æ –°–¢–†–ê–ù–ï. +79186633633 (–ë—ã—Å—Ç—Ä—ã–π –æ—Ç–≤–µ—Ç - –í–∞—Ç—Å–∞–ø –∏–ª–∏ –í–∞–π–±–µ—Ä).",1703054834
90,novokuybyshevsk_reklama,–ü—Ä–æ–¥–∞–º –≥–∞–∑ –∫–∞–ª–æ–Ω–∫—É —ç–ª–µ–∫—Ç—Ä–æ–ª—é–∫—Å —Ç–µ–ª,1703054831
91,novokuybyshevsk_reklama,"–ö—Ä–æ—Å—Å–æ–≤–∫–∏ new balance –û–†–ò–ì–ò–ù–ê–õ.
–°–¢–ï–õ–¨–ö–ê 24.4 –°–ú.
–ù–æ–≤—ã–µ –≤ –∫–æ—Ä–æ–±–∫–µ.",1703054819
92,novokuybyshevsk_reklama,"–ö—É–ø–ª—é, –Ω–∏–≤—É, —Ç–∞–∫ –∂–µ –ª–µ–≥–∫–æ–≤—ã–µ –∞–≤—Ç–æ, –£–ù–ò–í–ï–†–°–ê–õ, –ø–∏—à–∏—Ç–µ –≤ –ª—Å ! –ò–ª–∏ –ø–æ —Ç–µ–ª 89170130605",1703054801
93,novokuybyshevsk_reklama,–ü–ª–∞—Ç—å–µ –≤ –æ—Ç–ª–∏—á–Ω–æ–º —Å–æ—Å—Ç–æ—è–Ω–∏–∏ —Å –±–∏—Ä–∫–æ–π,1703054778
94,novokuybyshevsk_reklama,"–ë–æ—Å–æ–Ω–æ–∂–∫–∏ –≤ —Ö–æ—Ä–æ—à–µ–º —Å–æ—Å—Ç–æ—è–Ω–∏–∏ –ø–æ–¥ –∑–∞–º—à—É. –ü–æ–¥–æ–π–¥—É—Ç –Ω–∞ —Ä–∞–∑–º–µ—Ä –Ω–æ–≥–∏ 40 –∏ 40,5 (26-26,5—Å–º), —Å—Ä–µ–¥–Ω–µ–π –∏–ª–∏ –≤ –º–µ—Ä—É —à–∏—Ä–æ–∫–æ–π –ø–æ–ª–Ω–æ—Ç—ã, –∫–∞–±–ª—É–∫ 6—Å–º, –æ—á–µ–Ω—å –∫–æ–º—Ñ–æ—Ä—Ç–Ω—ã–π.
P.S. –í –ø—Ä–æ—Ñ–∏–ª–µ –º–Ω–æ–≥–æ –æ–±—É–≤–∏ 40,5-41 —Ä–∞–∑–º–µ—Ä–∞. –†–∞–∑–≥—Ä—É–∂–∞—é –≥–∞—Ä–¥–µ—Ä–æ–±",1702794311
95,novokuybyshevsk_reklama,–ü—Ä–æ–∏–∑–≤ –¢—É—Ä—Ü–∏—è,1702794284
96,novokuybyshevsk_reklama,–ü–æ–¥—Ö–æ–¥–∏—Ç –ø–æ–¥ –∫–æ–º–º–µ—Ä—á–µ—Å–∫—É—é –Ω–µ–¥–≤–∏–∂–∏–º–æ—Å—Ç—å –∏ –∂–∏–ª—É—é ! –°–æ–±—Å—Ç–≤–µ–Ω–Ω–∏–∫. –ü—Ä–æ–¥–∞—é 2-—Ö –∫–æ–º–Ω–∞—Ç–Ω—É—é –∫–≤–∞—Ä—Ç–∏—Ä—É –≤ —á–µ—Ä–Ω–æ–≤–æ–π –æ—Ç–¥–µ–ª–∫–µ –≤ –Ω–æ–≤–æ–º –¥–æ–º–µ –ø–æ —É–ª.–°–∞–¥–æ–≤–∞—è –Ω–∞ 1 —ç—Ç–∞–∂–µ 81 –∫–≤.–º. . –ü–æ–¥—Ä–æ–±–Ω–æ—Å—Ç–∏ —á–µ—Ä–µ–∑ –ª–∏—á–Ω—ã–µ —Å–æ–æ–±—â–µ–Ω–∏—è,1702794266
97,novokuybyshevsk_reklama,–ü–†–û–î–ê–ú –ü–û–ú–ü–£ –î–õ–Ø –ë–£–¢–´–õ–ö–ò 10–õ–ò–¢–†–û–í ..–ò–õ–ò 20 –° –ú–ê–õ–ï–ù–¨–ö–ò–ú .–ì–û–†–õ–û–ú...–ù–£–ñ–ù–û –ú–ï–†–ò–¢–¨. –ü–û –≠–¢–û–ú–£ –ü–†–ò–•–û–î–ò–¢–ï –° –ë–£–¢–´–õ–ö–û–ô –ß–¢–û–ë –ù–ï –û–®–ò–ë–ò–¢–¨–°–Ø....,1702794109
98,novokuybyshevsk_reklama,"–°–∞–º–∞—Ä–∞ –∏ –æ–±–ª–∞—Å—Ç—å!
–ü–æ–º–æ–≥–∞—é –∏–Ω—Ñ–æ—Ä–º–∞—Ü–∏–æ–Ω–Ω–æ 

–õ–æ—Ö–º–∞—Ç—É—Å—å–∫–∏- –±—É–±—É—Å—å–∫–∏ —Å–ø–∞—Å–µ–Ω–Ω—ã–µ —Å –ø–æ–ª—è –≤ –ø–æ–∏—Å–∫–µ –¥–æ–º–∞. https://vk.com/wall445603854_9235 –ú—ã –∑–∞–±—Ä–∞–ª–∏ —Å –æ–ø–∞—Å–Ω–æ–≥–æ –º–µ—Å—Ç–∞. –¢–∞–º —Å–≤–µ—Ç–∏–ª–∞ –∏–º —Ç–æ–ª—å–∫–æ –°–º–µ—Ä—Ç—å! –í–µ—Å—å —É–∂–∞—Å –∏ –ø–æ—Ç–µ—Ä—è –º–∞–º—ã –∏ –±—Ä–∞—Ç–∏–∫–∞ –ø–æ–∑–∞–¥–∏. –û–Ω–∏ –ø—Ä–æ—à–ª–∏ –≤–∞–∫—Ü–∏–Ω–∞—Ü–∏—é, –æ–±—Ä–∞–±–æ—Ç–∫—É –∏ –≥–æ—Ç–æ–≤—ã –µ—Ö–∞—Ç—å –¥–æ–º–æ–π. –°—Ä–æ–∫ –ø–µ—Ä–µ–¥–µ—Ä–∂–∫–∏ –æ–≥—Ä–∞–Ω–∏—á–µ–Ω.
–û—á–∞—Ä–æ–≤–∞—Ç–µ–ª—å–Ω—ã–µ –∏ —Å–º–µ—à–Ω—ã–µ –¥–µ–≤—á–æ–Ω–∫–∏. –í–æ–∑—Ä–∞—Å—Ç 3,5-4 –º–µ—Å—è—Ü–∞. –ú–∞–º–∞ –±—ã–ª–∞ —Å—Ä–µ–¥–Ω–µ–≥–æ —Ä–∞–∑–º–µ—Ä–∞. –ê–∫—Ç–∏–≤–Ω—ã–µ –∏ –≤–µ—Å—ë–ª—ã–µ –º–∞–ª—ã—à–∏.
–Æ–ª–∏—è 89170343072",1702794060
99,novokuybyshevsk_reklama,–ë/—É,1702794023
100,novokuybyshevsk_reklama,"–ö—É–ø–ª—é, –Ω–∏–≤—É, —Ç–∞–∫ –∂–µ –ª–µ–≥–∫–æ–≤—ã–µ –∞–≤—Ç–æ, –£–ù–ò–í–ï–†–°–ê–õ, –ø–∏—à–∏—Ç–µ –≤ –ª—Å ! –ò–ª–∏ –ø–æ —Ç–µ–ª 89170130605",1702794008
101,novokuybyshevsk_reklama,–ö–£–ü–õ–Æ –ê–í–¢–û–ú–û–ë–ò–õ–¨ –í –õ–Æ–ë–û–ú –°–û–°–¢–û–Ø–ù–ò–ò –ü–†–ï–î–õ–û–ñ–ï–ù–ò–Ø –í –õ–° –ò–õ–ò –ü–û –¢–ï–õ–ï–§–û–ù–£ 89170134848,1702794004
102,novokuybyshevsk_reklama,"–ü–ª–∞—Ç—å–µ –≤ –æ—Ç–ª–∏—á–Ω–æ–º —Å–æ—Å—Ç–æ—è–Ω–∏–∏ ,–Ω–∞–¥–µ—Ç–æ 1 —Ä–∞–∑",1702793992
103,novokuybyshevsk_reklama,"–ü—Ä–æ–¥–∞–º –∫—É—Ä—Ç–∫—É - –≥–æ—Ä–Ω–æ–ª—ã–∂–∫—É , –æ–¥–µ–≤–∞–ª–∏ –ø–∞—Ä—É —Ä–∞–∑. –†–∞–∑–º–µ—Ä 50.–¶–µ–Ω–∞ 1000 —Ä—É–±.",1702793921
104,novokuybyshevsk_reklama,,1702466184
105,novokuybyshevsk_reklama,"–ö–æ–º–±–∏–Ω–µ–∑–æ–Ω –¥–µ–º–∏—Å–µ–∑–æ–Ω–Ω—ã–π Lassy, —Ä-—Ä 80. –°–æ—Å—Ç–æ—è–Ω–∏–µ –Ω–æ–≤–æ–≥–æ. –î–ª–∏–Ω–∞ —Ä—É–∫–∞–≤–∞-32—Å–º. –¶–µ–Ω–∞ 800 —Ä—É–±. –¢–µ–ª:",1702466157
106,novokuybyshevsk_reklama,"–ö—É–ø–ª—é, –Ω–∏–≤—É, —Ç–∞–∫ –∂–µ –ª–µ–≥–∫–æ–≤—ã–µ –∞–≤—Ç–æ, –£–ù–ò–í–ï–†–°–ê–õ, –ø–∏—à–∏—Ç–µ –≤ –ª—Å ! –ò–ª–∏ –ø–æ —Ç–µ–ª 89170130605",1702466151
107,novokuybyshevsk_reklama,–ö–£–ü–õ–Æ –ê–í–¢–û–ú–û–ë–ò–õ–¨ –í –õ–Æ–ë–û–ú –°–û–°–¢–û–Ø–ù–ò–ò –ü–†–ï–î–õ–û–ñ–ï–ù–ò–Ø –í –õ–° –ò–õ–ò –ü–û –¢–ï–õ–ï–§–û–ù–£ 89170134848,1702466144
108,novokuybyshevsk_reklama,"–ü—Ä–æ–¥–∞–º —Å—Ä—É–±–æ–≤—ã–π –¥–æ–º 2012 –≥ –ø–æ—Å—Ç—Ä–æ–π–∫–∏ –≤ –°—Ä–µ–¥–Ω–µ–π –°–æ–ª–æ–Ω—Ü–æ–≤–∫–µ ( 5 –∫–º –æ—Ç –ö—Ä–∞—Å–Ω–æ–≥–æ –Ø—Ä–∞ ) —Å–æ –≤—Å–µ–º–∏ —É–¥–æ–±—Å—Ç–≤–∞–º–∏ –≤–æ–¥–∞( —Å–≤–æ—è —Å–∫–≤–∞–∂–∏–Ω–∞) , —Å–≤–µ—Ç, –æ—Ç–æ–ø–ª–µ–Ω–∏–µ ( —ç–ª–µ–∫—Ç—Ä–æ), –°–£ —Å–æ–≤–º–µ—â–µ–Ω, –∫–∞–º–∏–Ω, –ø—Ä–æ—Å—Ç–æ—Ä–Ω–∞—è –∫—É—Ö–Ω—è, –±–æ–ª—å—à–æ–π –∫–æ—Ä–∏–¥–æ—Ä, –≤–µ—Ä–∞–Ω–¥–∞. –° –Ω–∞—Ä—É–∂–∏ –æ–±—à–∏—Ç —Å–∞–π–¥–∏–Ω–≥–æ–º, –≤–Ω—É—Ç—Ä–∏ –≤–∞–≥–æ–Ω–∫–∞., –Ω–∞ –ø–æ–ª—É –ª–∞–º–∏–Ω–∞—Ç( –∫—É—Ö–Ω—è, –∫–æ—Ä–∏–¥–æ—Ä) ,–≤ –æ–¥–Ω–æ–π –∫–æ–º–Ω–∞—Ç–µ –ª–∏–Ω–æ–ª–∏—É–º,–≤–æ –≤—Ç–æ—Ä–æ–π –∫–æ–≤—Ä–æ–ª–∏–Ω.–ù–∞ —É—á–∞—Å—Ç–∫–µ –±–∞–Ω—è, –≥–∞—Ä–∞–∂, —Å–∞—Ä–∞–∏,–ª–µ—Ç–Ω–∏–π –¥—É—à. –ê—Å—Ñ–∞–ª—å—Ç –¥–æ –¥–æ–º–∞.–û–¥–∏–Ω –≤–∑—Ä–æ—Å–ª—ã–π —Å–æ–±—Å—Ç–≤–µ–Ω–Ω–∏–∫, –ª—é–±–∞—è —Ñ–æ—Ä–º–∞ –æ–ø–ª–∞—Ç—ã. –¶–µ–Ω–∞ 3.200 000 —Ä. –†–∞–∑—É–º–Ω—ã–π —Ç–æ—Ä–≥. –í—Å–µ –≤–æ–ø—Ä–æ—Å—ã –≤ –ª—Å –∏–ª–∏ –ø–æ –Ω–æ–º–µ—Ä—É",1702466140
109,novokuybyshevsk_reklama,"–ü—Ä–æ–¥–∞–º –Ω–æ–≤—ã–µ –º—É–∂—Å–∫–∏–µ —Ç—É—Ñ–ª–∏ 
-–ª–∞–∫–∏—Ä–æ–≤–∞–Ω–Ω—ã–µ, –∫–æ–∂–∞–Ω—ã–µ (–≤–Ω—É—Ç—Ä–∏ –∏ —Å–Ω–∞—Ä—É–∂–∏), –∞–Ω–∞–ª–æ–≥–∏ Vitacci, –ø–æ–ª–Ω—ã–π —Ä–æ—Å—Å–∏–π—Å–∫–∏–π 45 —Ä–∞–∑–º–µ—Ä 29,5—Å–º –ø–æ —Å—Ç–µ–ª—å–∫–µ. –ü—Ä–æ–∏–∑–≤–æ–¥—Å—Ç–≤–æ –≥.–ú–æ—Å–∫–≤–∞",1702466109
110,nsk.revizorro,"–î–æ–±—Ä—ã–π –¥–µ–Ω—å, –æ—á–µ–Ω—å –∏–Ω—Ç–µ—Ä–µ—Å–Ω–æ –ø–æ–ª—É—á–∞–µ—Ç—Å—è, –Ω–∏–∫–æ–º—É –Ω–µ –∏–Ω—Ç–µ—Ä–µ—Å–Ω–æ —Ä–∞–∑–≤–∏—Ç–∏–µ –≥–æ—Ä–æ–¥–∞. –û—á–µ–Ω—å –º–Ω–æ–≥–æ, –Ω–∏–∑–º–µ–Ω–Ω—ã—Ö –∏–Ω—Ç–µ—Ä–µ—Å–æ–≤ –ø–æ–µ—Å—Ç—å –∏ –∫–∞–∫—É—é –º–∞–ª–æ–≤–∞–∂–Ω—É—é –Ω–æ–≤–æ—Å—Ç—å –∫—Ç–æ —á—Ç–æ –Ω–∞–ø–∏—Å–∞–ª –Ω–∞ –¥–≤–µ—Ä—è—Ö –ø–æ–¥—ä–µ–∑–¥–∞. –ù–∞–≤–µ—Ä–Ω–æ –æ—á–µ–Ω—å –∏–Ω—Ç–µ—Ä–µ—Å–Ω–æ))) –°–¥–µ–ª–∞—Ç—å –≥–æ—Ä–æ–¥ ""–£–º–Ω—ã–º"" –≤–æ–∑—Ä–æ–¥–∏—Ç—å –ê–ü–ö –Ω–∞–∫–æ—Ä–º–∏—Ç—å —Å–≤–æ–∏–º–∏ –ø—Ä–æ–¥—É–∫—Ç–∞–º–∏ –≥–æ—Ä–æ–∂–∞–Ω, –Ω–∞–ø–æ–∏—Ç—å —Å–≤–æ–∏–º –º–æ–ª–æ–∫–æ–º, —Å–Ω–∏–∑–∏—Ç—å –∫–æ–º–º—É–Ω–∞–ª–∫—É, –ø–æ–±–æ—Ä—ã –∑–∞ –º—É—Å–æ—Ä, –ú–ï–ù–ï–ï –ò–ù–¢–ï–†–°–ù–ê–Ø –¢–ï–ú–ê –¥–ª—è –æ–±—Å—É–∂–¥–µ–Ω–∏–π –ü–æ—Ç–æ–º –ø–æ—è–≤—è—Ç—Å—è –∫–æ–º–º–µ–Ω—Ç–∞—Ä–∏–∏ –û–¢ –ù–ê–° –ù–ò–ß–ï–ì–û –ù–ï –ó–ê–í–ò–°–ò–¢))))! –í—Å—ë –∑–∞–≤–∏—Å–∏—Ç –æ—Ç –í–ê–° –∏ –í–ê–®–ï–ô –ê–ö–¢–ò–í–ù–û–°–¢–ò)))! –•–æ—Ä–æ—à–µ–≥–æ –í–∞–º –î–ê–ú–´ –∏ –ì–û–°–ü–û–î–ê –≤—Ä–µ–º–µ–Ω–∏! –û—Ç–ª–∏—á–Ω—ã—Ö —ç–º–æ—Ü–∏–π!",1701680406
111,nsk.revizorro,–ú–∏–Ω—É—Ç–∫–∞ —é–º–æ—Ä–∞ üòÖ,1701678600
112,nsk.revizorro,"–ö—É–¥a —Å–º–æ—Ç—Ä–∏—Ç –Ω–∞—à–∞ –øo–ª–∏—Ü–∏—è!!! 
–ù–∞ —Ñ–æ—Ç–æ –ø–æ–∫a–∑–∞–Ω —á–µ–ªo–≤–µ–∫ –ª–µ—Ç 25+- , –∑a–Ω–∏–º–∞–ª—Å—è –≤–∞–Ω–¥–∞–ª–∏–∑–ºo–º , –ø—Ä—è–º–æ –Ω–∞ –≥–ªa–∑–∞—Ö
–ù–∞ –ø—Äo—Å—å–±—É –ø—Ä–µ–∫—Äa—Ç–∏—Ç—å , –≤—ã—Äa–∂–∞–ª—Å—è –Ω–µ—Ü–µ–Ω–∑—É—Ä–Ω—ã–º–∏ —Å–ª–æ–≤a–º–∏ , –∏ –ø–æ–∫–∞–∑–∞–ª —Å—Ä–µ–¥–Ω–∏–π –øa–ª–µ—Ü 
–ß—Ç–æ –∑a –±–µ–∑o–±—Ä–∞–∑–∏–µ?",1701673207
113,nsk.revizorro,–ö–æ—Ç—ã –æ–Ω–∏ —Ç–∞–∫–∏–µ ü§∑üèª‚Äç‚ôÇÔ∏è,1701590404
114,nsk.revizorro,"–ñ–∏—Ç–µ–ª–∏ –¥–æ–º–æ–≤ 2 –∏ 4 –ø–æ —É–ª–∏—Ü–µ –ö–æ–º–º—É–Ω–∏—Å—Ç–∏—á–µ—Å–∫–∞—è. –£ –∫–æ–≥–æ –µ—Å—Ç—å –∂–µ–ª–∞–Ω–∏–µ –æ–±—Å—É–¥–∏—Ç—å , —É—Å—Ç–∞–Ω–æ–≤–ª–µ–Ω–Ω—ã–π –∑–∞–±–æ—Ä –≤–æ –¥–≤–æ—Ä–µ, —Å —Ü–µ–ª—å—é –µ–≥–æ –¥–µ–º–æ–Ω—Ç–∞–∂–∞ —á–µ—Ä–µ–∑ –ì–ñ–ò (–ñ–£–ö). –ü–∏—à–∏—Ç–µ –Ω–∞ –Ω–æ–º–µ—Ä +7 902 518-56-77 (viber)
–î–ª—è –¥–µ–º–æ–Ω—Ç–∞–∂–∞ –Ω–µ–æ–±—Ö–æ–¥–∏–º–æ —Å–æ–±—Ä–∞—Ç—å –≥–æ–ª–æ—Å–∞.
–î–ª—è —Å–≤–µ–¥–µ–Ω–∏—è –¥–∞–Ω–Ω–æ–µ –æ–≥—Ä–∞–∂–¥–µ–Ω–∏–µ –Ω–∞ —Ç–µ—Ä—Ä–∏—Ç–æ—Ä–∏–∏ –¥–æ–º–∞ 2 –±—ã–ª–æ —É—Å—Ç–∞–Ω–æ–≤–ª–µ–Ω–æ –∑–∞ —Å—á—ë—Ç –¥–µ–Ω–µ–∂–Ω–æ–≥–æ —Ñ–æ–Ω–¥–∞ –¥–æ–º–∞ 4 –±–µ–∑ —Å–æ–≥–ª–∞—Å–∏—è –∂–∏—Ç–µ–ª–µ–π.",1701412983
115,nsk.revizorro,"–û—á–µ–Ω—å —Ö–æ—á–µ—Ç—Å—è, —á—Ç–æ–± –≤ –≥–æ—Ä–æ–¥–µ –±—ã–ª–æ –∫—Ä–∞—Å–∏–≤–æ –∏ –Ω–∞—Ä—è–¥–Ω–æ –∫ –Ω–æ–≤–æ–º—É –≥–æ–¥—É. –£–∫—Ä–∞—Å–∏–ª–∏ –≥–∏—Ä–ª—è–Ω–¥–æ–π —Å–Ω–∞—Ä—É–∂–∏ —Ñ–∞—Å–∞–¥. –ù–æ –Ω–µ—Ç –∂–µ, –Ω–∞—à—ë–ª—Å—è —É—Ä–æ–¥, –∫–æ—Ç–æ—Ä–æ–º—É –ø–æ–º–µ—à–∞–ª–∞ —ç—Ç–∞ –∫—Ä–∞—Å–æ—Ç–∞ –Ω–∞ –∫—Ä—ã–ª—å—Ü–µ –ø–æ –ø—Ä –ü–æ–±–µ–¥—ã 38–∞. –ü—Ä–æ—Å—Ç–æ –æ—Ç–æ—Ä–≤–∞–ª –∫—É—Å–æ–∫ –∏ –≤—ã–∫–∏–Ω—É–ª. –ì–∏—Ä–ª—è–Ω–¥–∞ –±–æ–ª—å—à–µ –Ω–µ –≥–æ—Ä–∏—Ç! –ó–∞—á–µ–º —Ç—ã —ç—Ç–æ —Å–¥–µ–ª–∞–ª?? –û—Ç–æ—Ä–≤–∏ —Å–µ–±–µ —á—Ç–æ-–Ω–∏–±—É–¥—å!! –í–∏–¥–µ–æ –∏ —Ñ–æ—Ç–æ –µ—Å—Ç—å, –∫—Ç–æ —É–∑–Ω–∞–ª —ç—Ç–æ–≥–æ —Ç–∏–ø–∞, –ø–æ–∂ —Ç–∞ –ø–µ—Ä–µ–¥–∞–π—Ç–µ –µ–≥–æ —Ä–æ–¥–∏—Ç–µ–ª—è–º, —á—Ç–æ –∑–∞—è–≤–ª–µ–Ω–∏–µ –≤ –ø–æ–ª–∏—Ü–∏—é –∑–∞ –ø–æ—Ä—á—É –∏–º—É—â–µ—Å—Ç–≤–∞ –Ω–∞–ø–∏—Å–∞–Ω–æ.",1701244805
116,nsk.revizorro,,1701231036
117,nsk.revizorro,"—Ö–æ—Ç–µ–ª–æ—Å—å –±—ã –æ—Å—Ç–∞–≤–∏—Ç—å –æ—Ç–∑—ã–≤, –æ ""–ø–∞–Ω–¥–µ"" ‚ô•Ô∏è, –†–µ–±—è—Ç, –≤—Å–µ –∫–∞–∫ –≤—Å–µ–≥–¥–∞ –≤–∫—É—Å–Ω–æ, –æ–ø–µ—Ä–∞—Ç–∏–≤–Ω–æ, —É—á–ª–∏ –≤—Å–µ –ø–æ–∂–µ–ª–∞–Ω–∏—è, –∂–µ–ª–∞–µ–º —Ö–æ—Ä–æ—à–∏—Ö –∫–ª–∏–µ–Ω—Ç–æ–≤.",1701075605
118,nsk.revizorro,–Æ–∂–Ω—ã–π –ø–æ—Å–µ–ª–æ–∫. –ú–æ–∂–µ—Ç –ø–æ—Ä–∞ —É–∂–µ –∏ –ø–æ—á–∏—Å—Ç–∏—Ç—å?,1701072005
119,nsk.revizorro,"–í –∫–∞—Ä—Ç–æ–Ω–Ω–æ–º –¥–æ–º–µ –≤–∏–¥–∏–º–æ –∂–∏–≤—É—Ç üßê
–ö–æ–º—É –≤–æ–æ–±—â–µ –∫–æ–≥–¥–∞-–ª–∏–±–æ —ç—Ç–æ –º–µ—à–∞–ª–æ?ü§∑üèª‚Äç‚ôÇÔ∏è",1700982534
